Defline,,,,,,Subtype,US Clade,Global Clade
A/swine/South_Carolina/A02525279/2021,3/26/2021,South_Carolina,6,NA,2002,N2,2002B,2002B
A/swine/North_Carolina/A02525302/2021,3/25/2021,North_Carolina,6,NA,2002,N2,2002B,2002B
A/swine/Iowa/A02525305/2021,3/25/2021,Iowa,6,NA,2002,N2,2002B,2002B
A/swine/Indiana/A02525281/2021,3/25/2021,Indiana,6,NA,2002,N2,2002B,2002B
A/swine/Indiana/A02525280/2021,3/23/2021,Indiana,6,NA,2002,N2,2002B,2002B
A/swine/Iowa/A02525290/2021,3/23/2021,Iowa,6,NA,2002,N2,2002B,2002B
A/swine/Indiana/A02525269/2021,3/17/2021,Indiana,6,NA,2002,N2,2002B,2002B
A/swine/Illinois/A02525270/2021,3/17/2021,Illinois,6,NA,2002,N2,2002B,2002B
A/swine/Iowa/A02525263/2021,3/16/2021,Iowa,6,NA,2002,N2,2002B,2002B
A/swine/Ohio/A02525262/2021,3/15/2021,Ohio,6,NA,2002,N2,2002B,2002B
A/swine/Iowa/A02525251/2021,3/10/2021,Iowa,6,NA,2002,N2,2002B,2002B
A/swine/Indiana/A02525243/2021,3/4/2021,Indiana,6,NA,2002,N2,2002B,2002B
A/swine/Iowa/A02525241/2021,3/4/2021,Iowa,6,NA,2002,N2,2002A,2002A
A/swine/Pennsylvania/A02525244/2021,3/4/2021,Pennsylvania,6,NA,2002,N2,2002B,2002B
A/swine/North_Carolina/A02525218/2021,2/24/2021,North_Carolina,6,NA,2002,N2,2002B,2002B
A/swine/Iowa/A02525206/2021,2/24/2021,Iowa,6,NA,2002,N2,2002B,2002B
A/swine/North_Carolina/A02525210/2021,2/24/2021,North_Carolina,6,NA,2002,N2,2002B,2002B
A/swine/Missouri/A02525202/2021,2/23/2021,Missouri,6,NA,2002,N2,2002B,2002B
A/swine/Pennsylvania/A02525204/2021,2/23/2021,Pennsylvania,6,NA,2002,N2,2002B,2002B
A/swine/North_Carolina/A02525198/2021,2/22/2021,North_Carolina,6,NA,2002,N2,2002B,2002B
A/swine/North_Carolina/A02525172/2021,2/16/2021,North_Carolina,6,NA,2002,N2,2002B,2002B
A/swine/Iowa/A02525184/2021,2/15/2021,Iowa,6,NA,2002,N2,2002B,2002B
A/swine/Ohio/A02525155/2021,2/9/2021,Ohio,6,NA,2002,N2,2002B,2002B
A/swine/North_Carolina/A02525158/2021,2/5/2021,North_Carolina,6,NA,2002,N2,2002B,2002B
A/swine/Iowa/A02525136/2021,2/1/2021,Iowa,6,NA,2002,N2,2002A,2002A
A/swine/Missouri/A02525138/2021,2/1/2021,Missouri,6,NA,2002,N2,2002B,2002B
A/swine/Minnesota/A02525130/2021,1/29/2021,Minnesota,6,NA,2002,N2,2002A,2002A
A/swine/Minnesota/A02525121/2021,1/28/2021,Minnesota,6,NA,2002,N2,2002B,2002B
A/swine/Iowa/A02525111/2021,1/27/2021,Iowa,6,NA,2002,N2,2002B,2002B
A/swine/Pennsylvania/A02525116/2021,1/26/2021,Pennsylvania,6,NA,2002,N2,2002B,2002B
A/swine/Iowa/A02525108/2021,1/22/2021,Iowa,6,NA,2002,N2,2002B,2002B
A/swine/Iowa/A02525092/2021,1/18/2021,Iowa,6,NA,2002,N2,2002B,2002B
A/swine/North_Carolina/A02525094/2021,1/15/2021,North_Carolina,6,NA,2002,N2,2002B,2002B
A/swine/Indiana/A02525066/2021,1/14/2021,Indiana,6,NA,2002,N2,2002B,2002B
A/swine/Kentucky/A02525075/2021,1/13/2021,Kentucky,6,NA,2002,N2,2002A,2002A
A/swine/Iowa/A02525063/2021,1/13/2021,Iowa,6,NA,2002,N2,2002B,2002B
A/swine/North_Carolina/A02525064/2021,1/13/2021,North_Carolina,6,NA,2002,N2,2002B,2002B
A/swine/Iowa/A02525046/2021,1/8/2021,Iowa,6,NA,2002,N2,2002B,2002B
A/swine/Missouri/A02525068/2021,1/7/2021,Missouri,6,NA,2002,N2,2002B,2002B
A/swine/Indiana/A02525078/2021,1/5/2021,Indiana,6,NA,2002,N2,2002B,2002B
A/swine/Minnesota/A02525044/2021,1/4/2021,Minnesota,6,NA,2002,N2,2002A,2002A
A/swine/Iowa/A02525023/2020,12/29/2020,Iowa,6,NA,2002,N2,2002B,2002B
A/swine/Iowa/A02525019/2020,12/28/2020,Iowa,6,NA,2002,N2,2002B,2002B
A/swine/Iowa/A02525020/2020,12/27/2020,Iowa,6,NA,2002,N2,2002B,2002B
A/swine/Indiana/A02525012/2020,12/23/2020,Indiana,6,NA,2002,N2,2002B,2002B
A/swine/South_Dakota/A02525007/2020,12/21/2020,South_Dakota,6,NA,2002,N2,2002A,2002A
A/swine/Pennsylvania/A02525008/2020,12/18/2020,Pennsylvania,6,NA,2002,N2,2002B,2002B
A/swine/Indiana/A01812314/2020,12/14/2020,Indiana,6,NA,2002,N2,2002B,2002B
A/swine/Minnesota/A02245829/2020,12/11/2020,Minnesota,6,NA,2002,N2,2002B,2002B
A/swine/Minnesota/A02245828/2020,12/11/2020,Minnesota,6,NA,2002,N2,2002B,2002B
A/swine/North_Carolina/A02245825/2020,12/8/2020,North_Carolina,6,NA,2002,N2,2002B,2002B
A/swine/Iowa/A02524962/2020,12/8/2020,Iowa,6,NA,2002,N2,2002B,2002B
A/swine/North_Carolina/A02245824/2020,12/7/2020,North_Carolina,6,NA,2002,N2,2002B,2002B
A/swine/North_Carolina/A02524944/2020,12/7/2020,North_Carolina,6,NA,2002,N2,2002B,2002B
A/swine/North_Carolina/A02524967/2020,12/7/2020,North_Carolina,6,NA,2002,N2,2002B,2002B
A/swine/Iowa/A02524952/2020,12/2/2020,Iowa,6,NA,2002,N2,2002B,2002B
A/swine/Pennsylvania/A02524956/2020,12/2/2020,Pennsylvania,6,NA,2002,N2,2002B,2002B
A/swine/Iowa/A02524937/2020,12/1/2020,Iowa,6,NA,2002,N2,2002B,2002B
A/swine/North_Carolina/A02245817/2020,11/23/2020,North_Carolina,6,NA,2002,N2,2002B,2002B
A/swine/Minnesota/A02245812/2020,11/19/2020,Minnesota,6,NA,2002,N2,2002B,2002B
A/swine/North_Carolina/A02524916/2020,11/18/2020,North_Carolina,6,NA,2002,N2,2002B,2002B
A/swine/North_Carolina/A02245786/2020,11/17/2020,North_Carolina,6,NA,2002,N2,2002B,2002B
A/swine/Iowa/A02524889/2020,11/10/2020,Iowa,6,NA,2002,N2,2002B,2002B
A/swine/Wyoming/A02524888/2020,11/9/2020,Wyoming,6,NA,2002,N2,2002B,2002B
A/swine/Iowa/A02524878/2020,11/9/2020,Iowa,6,NA,2002,N2,2002B,2002B
A/swine/Ohio/A02524859/2020,11/4/2020,Ohio,6,NA,2002,N2,2002B,2002B
A/swine/Indiana/A02524839/2020,11/3/2020,Indiana,6,NA,2002,N2,2002B,2002B
A/swine/Minnesota/A02245776/2020,11/2/2020,Minnesota,6,NA,2002,N2,2002B,2002B
A/swine/Pennsylvania/A02524832/2020,10/29/2020,Pennsylvania,6,NA,2002,N2,2002A,2002A
A/swine/Ohio/A02524829/2020,10/29/2020,Ohio,6,NA,2002,N2,2002B,2002B
A/swine/Iowa/A02524828/2020,10/29/2020,Iowa,6,NA,2002,N2,2002B,2002B
A/swine/Iowa/A02524815/2020,10/28/2020,Iowa,6,NA,2002,N2,2002B,2002B
A/swine/Iowa/A02524818/2020,10/28/2020,Iowa,6,NA,2002,N2,2002B,2002B
A/swine/Iowa/A02524801/2020,10/27/2020,Iowa,6,NA,2002,N2,2002B,2002B
A/swine/Iowa/A02524795/2020,10/26/2020,Iowa,6,NA,2002,N2,2002B,2002B
A/swine/Iowa/A02245769/2020,10/22/2020,Iowa,6,NA,2002,N2,2002B,2002B
A/swine/Nebraska/A02524769/2020,10/22/2020,Nebraska,6,NA,2002,N2,2002B,2002B
A/swine/Iowa/A02524794/2020,10/22/2020,Iowa,6,NA,2002,N2,2002B,2002B
A/swine/Iowa/A02524768/2020,10/21/2020,Iowa,6,NA,2002,N2,2002B,2002B
A/swine/Iowa/A02524773/2020,10/21/2020,Iowa,6,NA,2002,N2,2002B,2002B
A/swine/Iowa/A02524764/2020,10/20/2020,Iowa,6,NA,2002,N2,2002B,2002B
A/swine/Iowa/A02524770/2020,10/20/2020,Iowa,6,NA,2002,N2,2002B,2002B
A/swine/Iowa/A02524761/2020,10/19/2020,Iowa,6,NA,2002,N2,2002B,2002B
A/swine/Iowa/A02245753/2020,10/19/2020,Iowa,6,NA,2002,N2,2002B,2002B
A/swine/North_Carolina/A02524746/2020,10/19/2020,North_Carolina,6,NA,2002,N2,2002B,2002B
A/swine/Minnesota/A02524760/2020,10/17/2020,Minnesota,6,NA,2002,N2,2002B,2002B
A/swine/Iowa/A02524750/2020,10/15/2020,Iowa,6,NA,2002,N2,2002B,2002B
A/swine/Minnesota/A02524741/2020,10/15/2020,Minnesota,6,NA,2002,N2,2002B,2002B
A/swine/North_Carolina/A02524740/2020,10/14/2020,North_Carolina,6,NA,2002,N2,2002B,2002B
A/swine/Indiana/A02524738/2020,10/14/2020,Indiana,6,NA,2002,N2,2002B,2002B
A/swine/North_Carolina/A02245746/2020,10/14/2020,North_Carolina,6,NA,2002,N2,2002B,2002B
A/swine/Iowa/A02524732/2020,10/13/2020,Iowa,6,NA,2002,N2,2002B,2002B
A/swine/North_Carolina/A02524744/2020,10/12/2020,North_Carolina,6,NA,2002,N2,2002B,2002B
A/swine/North_Carolina/A02524712/2020,10/8/2020,North_Carolina,6,NA,2002,N2,2002B,2002B
A/swine/Minnesota/A02245736/2020,10/8/2020,Minnesota,6,NA,2002,N2,2002B,2002B
A/swine/Minnesota/A02524704/2020,10/6/2020,Minnesota,6,NA,2002,N2,2002B,2002B
A/swine/Iowa/A02524706/2020,10/6/2020,Iowa,6,NA,2002,N2,2002B,2002B
A/swine/Iowa/A02524701/2020,10/6/2020,Iowa,6,NA,2002,N2,2002B,2002B
A/swine/Iowa/A02524696/2020,10/5/2020,Iowa,6,NA,2002,N2,2002B,2002B
A/swine/Iowa/A02524686/2020,10/2/2020,Iowa,6,NA,2002,N2,2002B,2002B
A/swine/Iowa/A02524684/2020,10/1/2020,Iowa,6,NA,2002,N2,2002B,2002B
A/swine/Iowa/A02524689/2020,10/1/2020,Iowa,6,NA,2002,N2,2002B,2002B
A/swine/Minnesota/A02245724/2020,9/30/2020,Minnesota,6,NA,2002,N2,2002B,2002B
A/swine/Missouri/A02524680/2020,9/29/2020,Missouri,6,NA,2002,N2,2002B,2002B
A/swine/Ohio/A02524675/2020,9/28/2020,Ohio,6,NA,2002,N2,2002B,2002B
A/swine/Iowa/A02524660/2020,9/24/2020,Iowa,6,NA,2002,N2,2002B,2002B
A/swine/Illinois/A02524655/2020,9/22/2020,Illinois,6,NA,2002,N2,2002B,2002B
A/swine/Iowa/A02524639/2020,9/16/2020,Iowa,6,NA,2002,N2,2002B,2002B
A/swine/Arizona/A02524632/2020,9/11/2020,Arizona,6,NA,2002,N2,2002B,2002B
A/swine/North_Carolina/A02524603/2020,9/8/2020,North_Carolina,6,NA,2002,N2,2002B,2002B
A/swine/Pennsylvania/A02524606/2020,9/3/2020,Pennsylvania,6,NA,2002,N2,2002B,2002B
A/swine/Minnesota/A02245709/2020,9/3/2020,Minnesota,6,NA,2002,N2,2002B,2002B
A/swine/North_Carolina/A02524585/2020,9/3/2020,North_Carolina,6,NA,2002,N2,2002B,2002B
A/swine/Iowa/A02524591/2020,8/31/2020,Iowa,6,NA,2002,N2,2002B,2002B
A/swine/Indiana/A01812311/2020,8/31/2020,Indiana,6,NA,2002,N2,2002B,2002B
A/swine/North_Carolina/A02524576/2020,8/28/2020,North_Carolina,6,NA,2002,N2,2002B,2002B
A/swine/California/A01104142/2020,8/25/2020,California,6,NA,2002,N2,2002B,2002B
A/swine/North_Carolina/A02245701/2020,8/25/2020,North_Carolina,6,NA,2002,N2,2002B,2002B
A/swine/Iowa/A02524561/2020,8/21/2020,Iowa,6,NA,2002,N2,2002B,2002B
A/swine/Iowa/A02524553/2020,8/20/2020,Iowa,6,NA,2002,N2,2002B,2002B
A/swine/Iowa/A02524556/2020,8/19/2020,Iowa,6,NA,2002,N2,2002A,2002A
A/swine/Missouri/A02524544/2020,8/14/2020,Missouri,6,NA,2002,N2,2002B,2002B
A/swine/North_Carolina/A02245687/2020,8/12/2020,North_Carolina,6,NA,2002,N2,2002B,2002B
A/swine/Indiana/A02524539/2020,8/7/2020,Indiana,6,NA,2002,N2,2002B,2002B
A/swine/North_Carolina/A02524538/2020,8/6/2020,North_Carolina,6,NA,2002,N2,2002B,2002B
A/swine/North_Carolina/A02245682/2020,8/4/2020,North_Carolina,6,NA,2002,N2,2002B,2002B
A/swine/Iowa/A02524509/2020,7/29/2020,Iowa,6,NA,2002,N2,2002B,2002B
A/swine/Missouri/A02524505/2020,7/27/2020,Missouri,6,NA,2002,N2,2002B,2002B
A/swine/Pennsylvania/A02524504/2020,7/24/2020,Pennsylvania,6,NA,2002,N2,2002B,2002B
A/swine/Iowa/A02524494/2020,7/13/2020,Iowa,6,NA,2002,N2,2002B,2002B
A/swine/Illinois/A02524405/2020,7/10/2020,Illinois,6,NA,2002,N2,2002B,2002B
A/swine/Illinois/A02524485/2020,7/10/2020,Illinois,6,NA,2002,N2,2002B,2002B
A/swine/Minnesota/A02524484/2020,7/9/2020,Minnesota,6,NA,2002,N2,2002B,2002B
A/swine/North_Carolina/A02524478/2020,7/1/2020,North_Carolina,6,NA,2002,N2,2002B,2002B
A/swine/Iowa/A02524447/2020,6/26/2020,Iowa,6,NA,2002,N2,2002B,2002B
A/swine/Missouri/A02524456/2020,6/22/2020,Missouri,6,NA,2002,N2,2002B,2002B
A/swine/Iowa/A02524435/2020,6/18/2020,Iowa,6,NA,2002,N2,2002B,2002B
A/swine/Iowa/A02524434/2020,6/17/2020,Iowa,6,NA,2002,N2,2002B,2002B
A/swine/Pennsylvania/A02524416/2020,6/11/2020,Pennsylvania,6,NA,2002,N2,2002B,2002B
A/swine/Indiana/A02524424/2020,6/10/2020,Indiana,6,NA,2002,N2,2002B,2002B
A/swine/Minnesota/A02245670/2020,6/10/2020,Minnesota,6,NA,2002,N2,2002A,2002A
A/swine/Iowa/A02524423/2020,6/8/2020,Iowa,6,NA,2002,N2,2002B,2002B
A/swine/Iowa/A02479421/2020,6/6/2020,Iowa,6,NA,2002,N2,2002B,2002B
A/swine/Indiana/A02479428/2020,6/4/2020,Indiana,6,NA,2002,N2,2002B,2002B
A/swine/Iowa/A02479429/2020,6/3/2020,Iowa,6,NA,2002,N2,2002B,2002B
A/swine/Iowa/A02479423/2020,6/1/2020,Iowa,6,NA,2002,N2,2002B,2002B
A/swine/Indiana/A02479381/2020,5/28/2020,Indiana,6,NA,2002,N2,2002B,2002B
A/swine/Minnesota/A02245661/2020,5/27/2020,Minnesota,6,NA,2002,N2,2002B,2002B
A/swine/Minnesota/A02245660/2020,5/26/2020,Minnesota,6,NA,2002,N2,2002B,2002B
A/swine/Minnesota/A02245655/2020,5/20/2020,Minnesota,6,NA,2002,N2,2002A,2002A
A/swine/Ohio/A02479354/2020,5/19/2020,Ohio,6,NA,2002,N2,2002B,2002B
A/swine/Indiana/A01812306/2020,5/19/2020,Indiana,6,NA,2002,N2,2002B,2002B
A/swine/Iowa/A02479352/2020,5/18/2020,Iowa,6,NA,2002,N2,2002B,2002B
A/swine/North_Carolina/A02479327/2020,5/14/2020,North_Carolina,6,NA,2002,N2,2002B,2002B
A/swine/Minnesota/A02245643/2020,5/13/2020,Minnesota,6,NA,2002,N2,2002A,2002A
A/swine/Iowa/A02479341/2020,5/13/2020,Iowa,6,NA,2002,N2,2002B,2002B
A/swine/Iowa/A02479339/2020,5/11/2020,Iowa,6,NA,2002,N2,2002B,2002B
A/swine/Iowa/A02479304/2020,5/4/2020,Iowa,6,NA,2002,N2,2002B,2002B
A/swine/Michigan/A02479299/2020,5/1/2020,Michigan,6,NA,2002,N2,2002B,2002B
A/swine/Iowa/A02479300/2020,5/1/2020,Iowa,6,NA,2002,N2,2002B,2002B
A/swine/Oklahoma/A022455605/2020,4/29/2020,Oklahoma,6,NA,2002,N2,2002B,2002B
A/swine/Minnesota/A02245604/2020,4/27/2020,Minnesota,6,NA,2002,N2,2002B,2002B
A/swine/Minnesota/A02245603/2020,4/27/2020,Minnesota,6,NA,2002,N2,2002B,2002B
A/swine/Iowa/A02479282/2020,4/27/2020,Iowa,6,NA,2002,N2,2002B,2002B
A/swine/Michigan/A02479277/2020,4/26/2020,Michigan,6,NA,2002,N2,2002B,2002B
A/swine/Ohio/A02479280/2020,4/24/2020,Ohio,6,NA,2002,N2,2002B,2002B
A/swine/Indiana/A01812305/2020,4/24/2020,Indiana,6,NA,2002,N2,2002B,2002B
A/swine/Ohio/A02479264/2020,4/19/2020,Ohio,6,NA,2002,N2,2002B,2002B
A/swine/Iowa/A02479259/2020,4/17/2020,Iowa,6,NA,2002,N2,2002B,2002B
A/swine/North_Carolina/A02479237/2020,4/16/2020,North_Carolina,6,NA,2002,N2,2002B,2002B
A/swine/Iowa/A02479228/2020,4/16/2020,Iowa,6,NA,2002,N2,2002B,2002B
A/swine/Iowa/A02479234/2020,4/15/2020,Iowa,6,NA,2002,N2,2002B,2002B
A/swine/Iowa/A02479225/2020,4/15/2020,Iowa,6,NA,2002,N2,2002B,2002B
A/swine/Minnesota/A02245584/2020,4/7/2020,Minnesota,6,NA,2002,N2,2002B,2002B
A/swine/Iowa/A02245581/2020,4/6/2020,Iowa,6,NA,2002,N2,2002B,2002B
A/swine/North_Carolina/A02245567/2020,3/27/2020,North_Carolina,6,NA,2002,N2,2002B,2002B
A/swine/Nebraska/A02245566/2020,3/27/2020,Nebraska,6,NA,2002,N2,2002A,2002A
A/swine/Iowa/A02479185/2020,3/27/2020,Iowa,6,NA,2002,N2,2002B,2002B
A/swine/Missouri/A02479183/2020,3/26/2020,Missouri,6,NA,2002,N2,2002B,2002B
A/swine/Ohio/A02479175/2020,3/24/2020,Ohio,6,NA,2002,N2,2002B,2002B
A/swine/Indiana/A02479161/2020,3/24/2020,Indiana,6,NA,2002,N2,2002B,2002B
A/swine/Illinois/A02479170/2020,3/23/2020,Illinois,6,NA,2002,N2,2002B,2002B
A/swine/Iowa/A02479153/2020,3/19/2020,Iowa,6,NA,2002,N2,2002B,2002B
A/swine/Pennsylvania/A02479139/2020,3/19/2020,Pennsylvania,6,NA,2002,N2,2002B,2002B
A/swine/Iowa/A02479154/2020,3/19/2020,Iowa,6,NA,2002,N2,2002B,2002B
A/swine/Indiana/A02479148/2020,3/18/2020,Indiana,6,NA,2002,N2,2002B,2002B
A/swine/Minnesota/A02245533/2020,3/18/2020,Minnesota,6,NA,2002,N2,2002B,2002B
A/swine/Pennsylvania/A02479128/2020,3/12/2020,Pennsylvania,6,NA,2002,N2,2002B,2002B
A/swine/Pennsylvania/A02479125/2020,3/11/2020,Pennsylvania,6,NA,2002,N2,2002B,2002B
A/swine/Iowa/A02479140/2020,3/11/2020,Iowa,6,NA,2002,N2,2002B,2002B
A/swine/North_Carolina/A02245530/2020,3/11/2020,North_Carolina,6,NA,2002,N2,2002B,2002B
A/swine/Indiana/A02479123/2020,3/10/2020,Indiana,6,NA,2002,N2,2002B,2002B
A/swine/Iowa/A02479120/2020,3/6/2020,Iowa,6,NA,2002,N2,2002B,2002B
A/swine/Iowa/A02479126/2020,3/5/2020,Iowa,6,NA,2002,N2,2002B,2002B
A/swine/Iowa/A02245525/2020,3/2/2020,Iowa,6,NA,2002,N2,2002B,2002B
A/swine/Indiana/A02479085/2020,2/26/2020,Indiana,6,NA,2002,N2,2002B,2002B
A/swine/Iowa/A02479100/2020,2/25/2020,Iowa,6,NA,2002,N2,2002B,2002B
A/swine/Indiana/A02245511/2020,2/24/2020,Indiana,6,NA,2002,N2,2002B,2002B
A/swine/North_Carolina/A02479083/2020,2/20/2020,North_Carolina,6,NA,2002,N2,2002B,2002B
A/swine/Iowa/A02479075/2020,2/19/2020,Iowa,6,NA,pdm,N1,pandemic,pandemic
A/swine/California/A01104141/2020,2/12/2020,California,6,NA,2002,N2,2002B,2002B
A/swine/Indiana/A02479057/2020,2/12/2020,Indiana,6,NA,2002,N2,2002B,2002B
A/swine/Iowa/A02479059/2020,2/6/2020,Iowa,6,NA,2002,N2,2002B,2002B
A/swine/North_Carolina/A02479052/2020,2/6/2020,North_Carolina,6,NA,2002,N2,2002B,2002B
A/swine/Iowa/A02479050/2020,2/6/2020,Iowa,6,NA,2002,N2,2002B,2002B
A/swine/Nebraska/A02245411/2020,2/4/2020,Nebraska,6,NA,2002,N2,2002A,2002A
A/swine/Iowa/A02479047/2020,2/3/2020,Iowa,6,NA,2002,N2,2002B,2002B
A/swine/Illinois/A02479045/2020,2/3/2020,Illinois,6,NA,1998,N2,1998B,1998B
A/swine/Indiana/A01812303/2020,1/28/2020,Indiana,6,NA,2002,N2,2002B,2002B
A/swine/Indiana/A01812302/2020,1/28/2020,Indiana,6,NA,2002,N2,2002B,2002B
A/swine/Indiana/A02479009/2020,1/24/2020,Indiana,6,NA,2002,N2,2002B,2002B
A/swine/North_Carolina/A02479010/2020,1/22/2020,North_Carolina,6,NA,2002,N2,2002B,2002B
A/swine/Iowa/A02479026/2020,1/22/2020,Iowa,6,NA,2002,N2,2002B,2002B
A/swine/Indiana/A02479020/2020,1/22/2020,Indiana,6,NA,2002,N2,2002B,2002B
A/swine/Iowa/A02479008/2020,1/21/2020,Iowa,6,NA,2002,N2,2002B,2002B
A/swine/Indiana/A02479025/2020,1/21/2020,Indiana,6,NA,2002,N2,2002B,2002B
A/swine/Indiana/A02479023/2020,1/21/2020,Indiana,6,NA,2002,N2,2002B,2002B
A/swine/Illinois/A02479016/2020,1/20/2020,Illinois,6,NA,2002,N2,2002B,2002B
A/swine/North_Carolina/A02245394/2020,1/17/2020,North_Carolina,6,NA,2002,N2,2002B,2002B
A/swine/Indiana/A01812301/2020,1/17/2020,Indiana,6,NA,2002,N2,2002B,2002B
A/swine/Michigan/A02479000/2020,1/16/2020,Michigan,6,NA,2002,N2,2002B,2002B
A/swine/Iowa/A02478997/2020,1/13/2020,Iowa,6,NA,2002,N2,2002B,2002B
A/swine/North_Carolina/A02245385/2020,1/10/2020,North_Carolina,6,NA,2002,N2,2002B,2002B
A/swine/Indiana/A02478983/2020,1/9/2020,Indiana,6,NA,2002,N2,2002B,2002B
A/swine/Iowa/A02245386/2020,1/9/2020,Iowa,6,NA,2002,N2,2002B,2002B
A/swine/Indiana/A02478996/2020,1/9/2020,Indiana,6,NA,2002,N2,2002B,2002B
A/swine/Iowa/A02478982/2020,1/8/2020,Iowa,6,NA,2002,N2,2002B,2002B
A/swine/Indiana/A02478980/2020,1/6/2020,Indiana,6,NA,2002,N2,2002B,2002B
A/swine/Indiana/A02478978/2019,12/31/2019,Indiana,6,NA,2002,N2,2002B,2002B
A/swine/Indiana/A02479029/2019,12/31/2019,Indiana,6,NA,2002,N2,2002B,2002B
A/swine/Kansas/A02245371/2019,12/27/2019,Kansas,6,NA,2002,N2,2002B,2002B
A/swine/Indiana/A02478966/2019,12/27/2019,Indiana,6,NA,2002,N2,2002B,2002B
A/swine/Virginia/A01104140/2019,12/27/2019,Virginia,6,NA,2002,N2,2002B,2002B
A/swine/Iowa/A02478976/2019,12/24/2019,Iowa,6,NA,2002,N2,2002A,2002A
A/swine/Indiana/A01812299/2019,12/12/2019,Indiana,6,NA,2002,N2,2002B,2002B
A/swine/Minnesota/A02245357/2019,12/12/2019,Minnesota,6,NA,2002,N2,2002B,2002B
A/swine/Iowa/A02478955/2019,12/6/2019,Iowa,6,NA,2002,N2,2002B,2002B
A/swine/Iowa/A02478937/2019,12/4/2019,Iowa,6,NA,2002,N2,2002B,2002B
A/swine/Iowa/A02478930/2019,12/3/2019,Iowa,6,NA,2002,N2,2002B,2002B
A/swine/South_Dakota/A02245350/2019,12/2/2019,South_Dakota,6,NA,2002,N2,2002A,2002A
A/swine/Indiana/A02478921/2019,11/26/2019,Indiana,6,NA,2002,N2,2002B,2002B
A/swine/Indiana/A02478925/2019,11/26/2019,Indiana,6,NA,2002,N2,2002B,2002B
A/swine/Minnesota/A02478920/2019,11/25/2019,Minnesota,6,NA,2002,N2,2002B,2002B
A/swine/Illinois/A02478926/2019,11/25/2019,Illinois,6,NA,2002,N2,2002B,2002B
A/swine/Ohio/A02478896/2019,11/19/2019,Ohio,6,NA,2002,N2,2002B,2002B
A/swine/Ohio/A02478897/2019,11/19/2019,Ohio,6,NA,2002,N2,2002B,2002B
A/swine/Ohio/A02245339/2019,11/19/2019,Ohio,6,NA,2002,N2,2002B,2002B
A/swine/Indiana/A02478890/2019,11/19/2019,Indiana,6,NA,2002,N2,2002B,2002B
A/swine/Ohio/A02478879/2019,11/14/2019,Ohio,6,NA,2002,N2,2002B,2002B
A/swine/Iowa/A02478878/2019,11/14/2019,Iowa,6,NA,2002,N2,2002A,2002A
A/swine/North_Carolina/A02478858/2019,11/11/2019,North_Carolina,6,NA,2002,N2,2002B,2002B
A/swine/Iowa/A02478861/2019,11/11/2019,Iowa,6,NA,2002,N2,2002B,2002B
A/swine/Iowa/A02478854/2019,11/6/2019,Iowa,6,NA,2002,N2,2002B,2002B
A/swine/Iowa/A02478855/2019,11/6/2019,Iowa,6,NA,2002,N2,2002B,2002B
A/swine/Indiana/A02478844/2019,11/4/2019,Indiana,6,NA,2002,N2,2002B,2002B
A/swine/Oklahoma/A02478845/2019,10/31/2019,Oklahoma,6,NA,2002,N2,2002B,2002B
A/swine/Minnesota/A02245312/2019,10/31/2019,Minnesota,6,NA,2002,N2,2002A,2002A
A/swine/Iowa/A02478825/2019,10/29/2019,Iowa,6,NA,2002,N2,2002B,2002B
A/swine/Iowa/A02478817/2019,10/29/2019,Iowa,6,NA,2002,N2,2002B,2002B
A/swine/Ohio/A02478819/2019,10/29/2019,Ohio,6,NA,2002,N2,2002B,2002B
A/swine/Indiana/A02478818/2019,10/28/2019,Indiana,6,NA,2002,N2,2002B,2002B
A/swine/Indiana/A01812297/2019,10/24/2019,Indiana,6,NA,2002,N2,2002B,2002B
A/swine/Iowa/A02478793/2019,10/23/2019,Iowa,6,NA,2002,N2,2002B,2002B
A/swine/Iowa/A02478795/2019,10/22/2019,Iowa,6,NA,2002,N2,2002B,2002B
A/swine/North_Carolina/A02245294/2019,10/15/2019,North_Carolina,6,NA,2002,N2,2002B,2002B
A/swine/Iowa/A02478782/2019,10/15/2019,Iowa,6,NA,2002,N2,2002B,2002B
A/swine/South_Dakota/A02478745/2019,10/10/2019,South_Dakota,6,NA,2002,N2,2002A,2002A
A/swine/Minnesota/A02245278/2019,10/9/2019,Minnesota,6,NA,2002,N2,2002A,2002A
A/swine/Iowa/A02478750/2019,10/9/2019,Iowa,6,NA,2002,N2,2002B,2002B
A/swine/Iowa/A02478735/2019,10/9/2019,Iowa,6,NA,2002,N2,2002B,2002B
A/swine/Indiana/A02478732/2019,10/8/2019,Indiana,6,NA,2002,N2,2002B,2002B
A/swine/Iowa/A02478759/2019,10/7/2019,Iowa,6,NA,2002,N2,2002B,2002B
A/swine/Iowa/A02478758/2019,10/7/2019,Iowa,6,NA,2002,N2,2002B,2002B
A/swine/Indiana/A02478727/2019,10/4/2019,Indiana,6,NA,2002,N2,2002B,2002B
A/swine/Indiana/A02478733/2019,10/1/2019,Indiana,6,NA,2002,N2,2002B,2002B
A/swine/Iowa/A02478703/2019,9/25/2019,Iowa,6,NA,2002,N2,2002B,2002B
A/swine/Minnesota/A02245255/2019,9/24/2019,Minnesota,6,NA,2002,N2,2002A,2002A
A/swine/Iowa/A02478700/2019,9/24/2019,Iowa,6,NA,2002,N2,2002B,2002B
A/swine/Illinois/A02478682/2019,9/23/2019,Illinois,6,NA,2002,N2,2002B,2002B
A/swine/North_Carolina/A02245252/2019,9/19/2019,North_Carolina,6,NA,2002,N2,2002B,2002B
A/swine/North_Carolina/A02245253/2019,9/19/2019,North_Carolina,6,NA,2002,N2,2002B,2002B
A/swine/Ohio/A02478686/2019,9/17/2019,Ohio,6,NA,2002,N2,2002B,2002B
A/swine/Kansas/A02245241/2019,9/13/2019,Kansas,6,NA,2002,N2,2002B,2002B
A/swine/North_Carolina/A02478666/2019,9/12/2019,North_Carolina,6,NA,2002,N2,2002B,2002B
A/swine/Iowa/A02478649/2019,9/9/2019,Iowa,6,NA,2002,N2,2002B,2002B
A/swine/Iowa/A02478636/2019,8/26/2019,Iowa,6,NA,2002,N2,2002B,2002B
A/swine/Indiana/A02478626/2019,8/22/2019,Indiana,6,NA,2002,N2,2002B,2002B
A/swine/Iowa/A02478623/2019,8/21/2019,Iowa,6,NA,2002,N2,2002B,2002B
A/swine/Iowa/A02478617/2019,8/19/2019,Iowa,6,NA,2002,N2,2002B,2002B
A/swine/Iowa/A02478605/2019,8/5/2019,Iowa,6,NA,2002,N2,2002A,2002A
A/swine/Iowa/A02478604/2019,8/1/2019,Iowa,6,NA,2002,N2,2002B,2002B
A/swine/South_Dakota/A02478607/2019,7/31/2019,South_Dakota,6,NA,2002,N2,2002B,2002B
A/swine/Iowa/A02478600/2019,7/26/2019,Iowa,6,NA,2002,N2,2002B,2002B
A/swine/Iowa/A02478584/2019,7/10/2019,Iowa,6,NA,2002,N2,2002B,2002B
A/swine/Iowa/A02478578/2019,7/10/2019,Iowa,6,NA,2002,N2,2002B,2002B
A/swine/Illinois/A02478564/2019,6/21/2019,Illinois,6,NA,2002,N2,2002B,2002B
A/swine/Iowa/A02478542/2019,6/14/2019,Iowa,6,NA,2002,N2,2002B,2002B
A/swine/Illinois/A02478554/2019,6/10/2019,Illinois,6,NA,2002,N2,2002B,2002B
A/swine/Iowa/A02478553/2019,6/7/2019,Iowa,6,NA,2002,N2,2002B,2002B
A/swine/Iowa/A02478529/2019,6/5/2019,Iowa,6,NA,2002,N2,2002B,2002B
A/swine/Iowa/A02478536/2019,6/3/2019,Iowa,6,NA,2002,N2,2002B,2002B
A/swine/Illinois/A02478510/2019,5/22/2019,Illinois,6,NA,2002,N2,2002B,2002B
A/swine/Iowa/A02478516/2019,5/20/2019,Iowa,6,NA,2002,N2,2002B,2002B
A/swine/Iowa/A02478494/2019,5/16/2019,Iowa,6,NA,2002,N2,2002B,2002B
A/swine/Illinois/A02478493/2019,5/14/2019,Illinois,6,NA,2002,N2,2002B,2002B
A/swine/Iowa/A02478449/2019,4/26/2019,Iowa,6,NA,2002,N2,2002B,2002B
A/swine/Iowa/A02478455/2019,4/25/2019,Iowa,6,NA,2002,N2,2002B,2002B
A/swine/Nebraska/A02245112/2019,4/22/2019,Nebraska,6,NA,2002,N2,2002A,2002A
A/swine/Indiana/A01812292/2019,4/16/2019,Indiana,6,NA,2002,N2,2002B,2002B
A/swine/Nebraska/A02432059/2019,4/9/2019,Nebraska,6,NA,2002,N2,2002A,2002A
A/swine/Iowa/A02432156/2019,4/8/2019,Iowa,6,NA,2002,N2,2002B,2002B
A/swine/Oklahoma/A02431948/2019,4/3/2019,Oklahoma,6,NA,2002,N2,2002B,2002B
A/swine/Iowa/A02431991/2019,4/2/2019,Iowa,6,NA,2002,N2,2002A,2002A
A/swine/Minnesota/A02245096/2019,3/28/2019,Minnesota,6,NA,2002,N2,2002B,2002B
A/swine/Nebraska/A02431880/2019,3/26/2019,Nebraska,6,NA,2002,N2,2002A,2002A
A/swine/Iowa/A02431613/2019,3/21/2019,Iowa,6,NA,2002,N2,2002B,2002B
A/swine/Minnesota/A02245014/2019,3/18/2019,Minnesota,6,NA,2002,N2,2002A,2002A
A/swine/Kansas/A02245011/2019,3/18/2019,Kansas,6,NA,2002,N2,2002B,2002B
A/swine/Oklahoma/A01785992/2019,2/27/2019,Oklahoma,6,NA,2002,N2,2002B,2002B
A/swine/South_Dakota/A01785987/2019,2/21/2019,South_Dakota,6,NA,2002,N2,2002B,2002B
A/swine/South_Dakota/A01785988/2019,2/21/2019,South_Dakota,6,NA,2002,N2,2002B,2002B
A/swine/Nebraska/A02430692/2019,2/19/2019,Nebraska,6,NA,2002,N2,2002B,2002B
A/swine/Minnesota/A01785953/2019,2/13/2019,Minnesota,6,NA,2002,N2,2002A,2002A
A/swine/Kansas/A01378042/2019,2/8/2019,Kansas,6,NA,2002,N2,2002A,2002A
A/swine/Iowa/A02430278/2019,2/8/2019,Iowa,6,NA,2002,N2,2002B,2002B
A/swine/Nebraska/A01785951/2019,2/7/2019,Nebraska,6,NA,2002,N2,2002A,2002A
A/swine/Kansas/A02430272/2019,2/7/2019,Kansas,6,NA,2002,N2,2002A,2002A
A/swine/Iowa/A02429953/2019,1/22/2019,Iowa,6,NA,2002,N2,2002B,2002B
A/swine/Kansas/A01785815/2019,1/4/2019,Kansas,6,NA,2002,N2,2002A,2002A
A/swine/Iowa/A01785787/2018,12/12/2018,Iowa,6,NA,2002,N2,2002A,2002A
A/swine/Illinois/A02427656/2018,12/10/2018,Illinois,6,NA,2002,N2,2002B,2002B
A/swine/Kansas/A01785786/2018,12/10/2018,Kansas,6,NA,2002,N2,2002B,2002B
A/swine/Iowa/A02270002/2018,11/14/2018,Iowa,6,NA,2002,N2,2002B,2002B
A/swine/Texas/A01785724/2018,10/29/2018,Texas,6,NA,2002,N2,2002B,2002B
A/swine/Iowa/A01785636/2018,10/5/2018,Iowa,6,NA,2002,N2,2002A,2002A
A/swine/Iowa/A02257962/2018,10/3/2018,Iowa,6,NA,2002,N2,2002B,2002B
A/swine/Minnesota/A02266068/2018,10/1/2018,Minnesota,6,NA,2002,N2,2002A,2002A
A/swine/Minnesota/A01678586/2018,9/20/2018,Minnesota,6,NA,2002,N2,2002A,2002A
A/swine/Kansas/A01785624/2018,9/19/2018,Kansas,6,NA,2002,N2,2002B,2002B
A/swine/Nebraska/A02257337/2018,9/14/2018,Nebraska,6,NA,2002,N2,2002B,2002B
A/swine/Texas/A01785616/2018,9/11/2018,Texas,6,NA,2002,N2,2002B,2002B
A/swine/Nebraska/A01678580/2018,8/24/2018,Nebraska,6,NA,2002,N2,2002A,2002A
A/swine/Iowa/A02254975/2018,8/10/2018,Iowa,6,NA,2002,N2,2002B,2002B
A/swine/Indiana/18TOSU2225/2018,8/1/2018,Indiana,6,NA,2002,N2,2002A,2002A
A/swine/Indiana/18TOSU2186/2018,10/1/2012,Indiana,6,NA,2002,N2,2002A,2002A
A/swine/Nebraska/A02254794/2018,7/30/2018,Nebraska,6,NA,2002,N2,2002B,2002B
A/swine/Nebraska/A02254796/2018,7/27/2018,Nebraska,6,NA,2002,N2,2002A,2002A
A/swine/Nebraska/A02254616/2018,7/25/2018,Nebraska,6,NA,2002,N2,2002A,2002A
A/swine/Nebraska/A02254607/2018,7/19/2018,Nebraska,6,NA,2002,N2,2002A,2002A
A/swine/Iowa/A02172377/2018,7/13/2018,Iowa,6,NA,2002,N2,2002B,2002B
A/swine/Nebraska/A01785583/2018,7/11/2018,Nebraska,6,NA,2002,N2,2002A,2002A
A/swine/Nebraska/A02171019/2018,7/9/2018,Nebraska,6,NA,2002,N2,2002A,2002A
A/swine/Kentucky/18TOSU1508/2018,7/1/2018,Kentucky,6,NA,2002,N2,2002A,2002A
A/swine/Ohio/18TOSU0822/2018,6/1/2018,Ohio,6,NA,2002,N2,2002A,2002A
A/swine/Indiana/18TOSU2860/2018,6/1/2018,Indiana,6,NA,2002,N2,2002A,2002A
A/swine/Nebraska/A02158807/2018,5/23/2018,Nebraska,6,NA,2002,N2,2002A,2002A
A/swine/Nebraska/A02169069/2018,5/16/2018,Nebraska,6,NA,2002,N2,2002A,2002A
A/swine/Nebraska/A02157995/2018,4/24/2018,Nebraska,6,NA,2002,N2,2002A,2002A
A/swine/Minnesota/A02157976/2018,4/18/2018,Minnesota,6,NA,2002,N2,2002A,2002A
A/swine/Minnesota/A01678556/2018,4/16/2018,Minnesota,6,NA,2002,N2,2002A,2002A
A/swine/Kansas/A01378040/2018,4/16/2018,Kansas,6,NA,2002,N2,2002A,2002A
A/swine/Iowa/A02157567/2018,4/9/2018,Iowa,6,NA,2002,N2,2002A,2002A
A/swine/Ohio/OH_18_7965/2018,4/9/2018,Ohio,6,NA,2002,N2,2002B,2002B
A/swine/Ohio/OH_18_7450/2018,4/2/2018,Ohio,6,NA,2002,N2,2002B,2002B
A/swine/Minnesota/A01785488/2018,3/27/2018,Minnesota,6,NA,2002,N2,2002B,2002B
A/swine/Ohio/OH_18_6910/2018,3/26/2018,Ohio,6,NA,2002,N2,2002B,2002B
A/swine/Ohio/OH_18_6906/2018,3/25/2018,Ohio,6,NA,2002,N2,2002B,2002B
A/swine/SouthDakota/A01678549/2018,3/19/2018,Unknown,6,NA,2002,N2,2002A,2002A
A/swine/South_Dakota/A01785471/2018,3/15/2018,South_Dakota,6,NA,2002,N2,2002A,2002A
A/swine/Nebraska/A02155428/2018,3/9/2018,Nebraska,6,NA,2002,N2,2002A,2002A
A/swine/Kansas/A01378039/2018,3/5/2018,Kansas,6,NA,2002,N2,2002A,2002A
A/swine/Iowa/A02154766/2018,3/2/2018,Iowa,6,NA,2002,N2,2002B,2002B
A/swine/Iowa/A02154072/2018,2/22/2018,Iowa,6,NA,2002,N2,2002B,2002B
A/swine/Nebraska/A02142683/2018,2/14/2018,Nebraska,6,NA,2002,N2,2002A,2002A
A/swine/Kansas/A01785429/2018,1/29/2018,Kansas,6,NA,2002,N2,2002A,2002A
A/swine/Texas/A01785420/2018,1/17/2018,Texas,6,NA,2002,N2,2002B,2002B
A/swine/Iowa/A02138601/2017,12/13/2017,Iowa,6,NA,2002,N2,2002A,2002A
A/swine/Nebraska/A01785383/2017,12/11/2017,Nebraska,6,NA,2002,N2,2002A,2002A
A/swine/South_Dakota/A01785375/2017,12/1/2017,South_Dakota,6,NA,2002,N2,2002B,2002B
A/swine/South_Dakota/A01785373/2017,11/29/2017,South_Dakota,6,NA,2002,N2,2002B,2002B
A/swine/Iowa/A02136748/2017,11/17/2017,Iowa,6,NA,2002,N2,2002B,2002B
A/swine/North_Carolina/A02135886/2017,11/7/2017,North_Carolina,6,NA,2002,N2,2002B,2002B
A/swine/Nebraska/A01785331/2017,10/25/2017,Nebraska,6,NA,2002,N2,2002A,2002A
A/swine/Iowa/A02134242/2017,10/23/2017,Iowa,6,NA,2002,N2,2002B,2002B
A/swine/Nebraska/A01785325/2017,10/23/2017,Nebraska,6,NA,2002,N2,2002A,2002A
A/swine/Minnesota/A01785322/2017,10/18/2017,Minnesota,6,NA,2002,N2,2002B,2002B
A/swine/Ohio/A02134225/2017,10/17/2017,Ohio,6,NA,2002,N2,2002B,2002B
A/swine/Texas/A01785299/2017,9/25/2017,Texas,6,NA,2002,N2,2002B,2002B
A/swine/Texas/A01785298/2017,9/20/2017,Texas,6,NA,2002,N2,2002B,2002B
A/swine/Nebraska/A02221499/2017,8/28/2017,Nebraska,6,NA,2002,N2,2002B,2002B
A/swine/Iowa/A02218156/2017,7/10/2017,Iowa,6,NA,2002,N2,2002B,2002B
A/swine/Nebraska/A01785272/2017,7/3/2017,Nebraska,6,NA,2002,N2,2002A,2002A
A/swine/Nebraska/A02217400/2017,6/28/2017,Nebraska,6,NA,2002,N2,2002B,2002B
A/swine/Nebraska/A01785271/2017,6/19/2017,Nebraska,6,NA,2002,N2,2002A,2002A
A/swine/Ohio/13701/2017,Jun-17,Ohio,6,NA,2002,N2,2002B,2002B
A/swine/Nebraska/A01785261/2017,5/2/2017,Nebraska,6,NA,2002,N2,2002A,2002A
A/swine/Kansas/A01378025/2017,5/1/2017,Kansas,6,NA,2002,N2,2002A,2002A
A/swine/Nebraska/A02215046/2017,4/26/2017,Nebraska,6,NA,2002,N2,2002B,2002B
A/swine/Iowa/A02215031/2017,4/12/2017,Iowa,6,NA,2002,N2,2002B,2002B
A/swine/Iowa/A02214841/2017,4/11/2017,Iowa,6,NA,2002,N2,2002B,2002B
A/swine/Indiana/A02214844/2017,4/3/2017,Indiana,6,NA,2002,N2,2002B,2002B
A/swine/South_Dakota/A01678486/2017,3/8/2017,South_Dakota,6,NA,2002,N2,2002A,2002A
A/swine/Nebraska/A01785250/2017,3/6/2017,Nebraska,6,NA,2002,N2,2002A,2002A
A/swine/Iowa/A01932044/2017,2/8/2017,Iowa,6,NA,2002,N2,2002B,2002B
A/swine/Nebraska/A01672826/2017,2/1/2017,Nebraska,6,NA,2002,N2,2002B,2002B
A/swine/Indiana/A01672517/2017,1/20/2017,Indiana,6,NA,2002,N2,2002B,2002B
A/swine/Iowa/A01671944/2016,12/29/2016,Iowa,6,NA,2002,N2,2002B,2002B
A/swine/Iowa/A01671744/2016,12/28/2016,Iowa,6,NA,2002,N2,2002B,2002B
A/swine/Arkansas/A01671574/2016,12/21/2016,Arkansas,6,NA,2002,N2,2002B,2002B
A/swine/Michigan/A01671226/2016,12/6/2016,Michigan,6,NA,2002,N2,2002B,2002B
A/swine/North_Carolina/A01671000/2016,12/2/2016,North_Carolina,6,NA,2002,N2,2002B,2002B
A/swine/Nebraska/A01785243/2016,11/28/2016,Nebraska,6,NA,2002,N2,2002B,2002B
A/swine/Indiana/A01812250/2016,11/14/2016,Indiana,6,NA,2002,N2,2002B,2002B
A/swine/Iowa/A01668207/2016,11/10/2016,Iowa,6,NA,2002,N2,2002B,2002B
A/swine/North_Carolina/A01668240/2016,11/10/2016,North_Carolina,6,NA,2002,N2,2002B,2002B
A/swine/North_Carolina/A01782800/2016,10/27/2016,North_Carolina,6,NA,2002,N2,2002B,2002B
A/swine/North_Dakota/A01782435/2016,10/18/2016,North_Dakota,6,NA,2002,N2,2002A,2002A
A/swine/North_Carolina/A01781579/2016,9/20/2016,North_Carolina,6,NA,2002,N2,2002B,2002B
A/swine/North_Carolina/A01781410/2016,9/14/2016,North_Carolina,6,NA,2002,N2,2002B,2002B
A/swine/Nebraska/A01781225/2016,9/8/2016,Nebraska,6,NA,2002,N2,2002B,2002B
A/swine/North_Carolina/A01781224/2016,9/7/2016,North_Carolina,6,NA,2002,N2,2002B,2002B
A/swine/Nebraska/A01781042/2016,8/30/2016,Nebraska,6,NA,2002,N2,2002B,2002B
A/swine/Iowa/A01778878/2016,8/22/2016,Iowa,6,NA,2002,N2,2002B,2002B
A/swine/Iowa/A01778607/2016,8/17/2016,Iowa,6,NA,2002,N2,2002B,2002B
A/swine/Michigan/16TOSU5083/2016,8/6/2016,Michigan,6,NA,2002,N2,2002B,2002B
A/swine/Michigan/16TOSU5089/2016,8/6/2016,Michigan,6,NA,2002,N2,2002B,2002B
A/swine/Michigan/16TOSU5086/2016,8/1/2016,Michigan,6,NA,2002,N2,2002B,2002B
A/swine/Kentucky/16TOSU8970/2016,8/1/2016,Kentucky,6,NA,2002,N2,2002B,2002B
A/swine/North_Carolina/A01777989/2016,7/27/2016,North_Carolina,6,NA,2002,N2,2002B,2002B
A/swine/Indiana/A01812246/2016,7/26/2016,Indiana,6,NA,2002,N2,2002B,2002B
A/swine/Illinois/A01104098/2016,7/25/2016,Illinois,6,NA,2002,N2,2002B,2002B
A/swine/Oklahoma/A01777830/2016,7/22/2016,Oklahoma,6,NA,2002,N2,2002B,2002B
A/swine/Indiana/A01812245/2016,7/21/2016,Indiana,6,NA,2002,N2,2002B,2002B
A/swine/Iowa/A01777893/2016,7/21/2016,Iowa,6,NA,2002,N2,2002B,2002B
A/swine/South_Dakota/A01777894/2016,7/21/2016,South_Dakota,6,NA,2002,N2,2002B,2002B
A/swine/Michigan/16TOSU7563/2016,7/16/2016,Michigan,6,NA,2002,N2,2002B,2002B
A/swine/Kentucky/16TOSU3494/2016,7/7/2016,Kentucky,6,NA,2002,N2,2002B,2002B
A/swine/Kentucky/16TOSU6724/2016,7/7/2016,Kentucky,6,NA,2002,N2,2002B,2002B
A/swine/Kentucky/16TOSU3477/2016,7/7/2016,Kentucky,6,NA,2002,N2,2002B,2002B
A/swine/Kentucky/16TOSU3279/2016,7/7/2016,Kentucky,6,NA,2002,N2,2002B,2002B
A/swine/North_Carolina/A01777393/2016,7/6/2016,North_Carolina,6,NA,2002,N2,2002B,2002B
A/swine/Indiana/A01777672/2016,7/6/2016,Indiana,6,NA,2002,N2,2002B,2002B
A/swine/Indiana/16TOSU7618/2016,7/1/2016,Indiana,6,NA,2002,N2,2002B,2002B
A/swine/Indiana/16TOSU4438/2016,7/1/2016,Indiana,6,NA,2002,N2,2002B,2002B
A/swine/Indiana/16TOSU4426/2016,7/1/2016,Indiana,6,NA,2002,N2,2002B,2002B
A/swine/Iowa/A01777663/2016,6/29/2016,Iowa,6,NA,2002,N2,2002B,2002B
A/swine/Indiana/16TOSU6758/2016,6/24/2016,Indiana,6,NA,2002,N2,2002B,2002B
A/swine/Indiana/A01812235/2016,6/23/2016,Indiana,6,NA,2002,N2,2002B,2002B
A/swine/North_Carolina/A01776873/2016,6/21/2016,North_Carolina,6,NA,2002,N2,2002B,2002B
A/swine/Oklahoma/A01776961/2016,6/20/2016,Oklahoma,6,NA,2002,N2,2002B,2002B
A/swine/Michigan/16TOSU3342/2016,6/18/2016,Michigan,6,NA,2002,N2,2002B,2002B
A/swine/Michigan/16TOSU3443/2016,6/18/2016,Michigan,6,NA,2002,N2,2002B,2002B
A/swine/Indiana/16TOSU2234/2016,6/18/2016,Indiana,6,NA,2002,N2,2002B,2002B
A/swine/Michigan/16TOSU3386/2016,6/18/2016,Michigan,6,NA,2002,N2,2002B,2002B
A/swine/Michigan/16TOSU3388/2016,6/18/2016,Michigan,6,NA,2002,N2,2002B,2002B
A/swine/Michigan/16TOSU3389/2016,6/18/2016,Michigan,6,NA,2002,N2,2002B,2002B
A/swine/Michigan/16TOSU3334/2016,6/18/2016,Michigan,6,NA,2002,N2,2002B,2002B
A/swine/Michigan/16TOSU3395/2016,6/18/2016,Michigan,6,NA,2002,N2,2002B,2002B
A/swine/Michigan/16TOSU3335/2016,6/18/2016,Michigan,6,NA,2002,N2,2002B,2002B
A/swine/Michigan/16TOSU3397/2016,6/18/2016,Michigan,6,NA,2002,N2,2002B,2002B
A/swine/Michigan/16TOSU3399/2016,6/18/2016,Michigan,6,NA,2002,N2,2002B,2002B
A/swine/Michigan/16TOSU3403/2016,6/18/2016,Michigan,6,NA,2002,N2,2002B,2002B
A/swine/Michigan/16TOSU3406/2016,6/18/2016,Michigan,6,NA,2002,N2,2002B,2002B
A/swine/Michigan/16TOSU3407/2016,6/18/2016,Michigan,6,NA,2002,N2,2002B,2002B
A/swine/Michigan/16TOSU3418/2016,6/18/2016,Michigan,6,NA,2002,N2,2002B,2002B
A/swine/Michigan/16TOSU3442/2016,6/18/2016,Michigan,6,NA,2002,N2,2002B,2002B
A/swine/Indiana/16TOSU2879/2016,6/12/2016,Indiana,6,NA,2002,N2,2002B,2002B
A/swine/Indiana/16TOSU2894/2016,6/12/2016,Indiana,6,NA,2002,N2,2002B,2002B
A/swine/Indiana/16TOSU2907/2016,6/12/2016,Indiana,6,NA,2002,N2,2002B,2002B
A/swine/Indiana/16TOSU2922/2016,6/12/2016,Indiana,6,NA,2002,N2,2002B,2002B
A/swine/Indiana/16TOSU2935/2016,6/12/2016,Indiana,6,NA,2002,N2,2002B,2002B
A/swine/Indiana/16TOSU2990/2016,6/12/2016,Indiana,6,NA,2002,N2,2002B,2002B
A/swine/Iowa/16TOSU2673/2016,6/9/2016,Iowa,6,NA,2002,N2,2002B,2002B
A/swine/Iowa/16TOSU2677/2016,6/9/2016,Iowa,6,NA,2002,N2,2002B,2002B
A/swine/Iowa/16TOSU2707/2016,6/9/2016,Iowa,6,NA,2002,N2,2002B,2002B
A/swine/Iowa/16TOSU2708/2016,6/9/2016,Iowa,6,NA,2002,N2,2002B,2002B
A/swine/Iowa/16TOSU2709/2016,6/9/2016,Iowa,6,NA,2002,N2,2002B,2002B
A/swine/Iowa/16TOSU2424/2016,6/9/2016,Iowa,6,NA,2002,N2,2002B,2002B
A/swine/Iowa/16TOSU2464/2016,6/9/2016,Iowa,6,NA,2002,N2,2002B,2002B
A/swine/Iowa/16TOSU2256/2016,6/9/2016,Iowa,6,NA,2002,N2,2002B,2002B
A/swine/Iowa/16TOSU2493/2016,6/9/2016,Iowa,6,NA,2002,N2,2002B,2002B
A/swine/Iowa/16TOSU2534/2016,6/9/2016,Iowa,6,NA,2002,N2,2002B,2002B
A/swine/Iowa/16TOSU2549/2016,6/9/2016,Iowa,6,NA,2002,N2,2002B,2002B
A/swine/Iowa/16TOSU2585/2016,6/9/2016,Iowa,6,NA,2002,N2,2002B,2002B
A/swine/Iowa/16TOSU2589/2016,6/9/2016,Iowa,6,NA,2002,N2,2002B,2002B
A/swine/Iowa/16TOSU2257/2016,6/9/2016,Iowa,6,NA,2002,N2,2002B,2002B
A/swine/Iowa/16TOSU2289/2016,6/9/2016,Iowa,6,NA,2002,N2,2002B,2002B
A/swine/Iowa/16TOSU2307/2016,6/9/2016,Iowa,6,NA,2002,N2,2002B,2002B
A/swine/Iowa/16TOSU2346/2016,6/9/2016,Iowa,6,NA,2002,N2,2002B,2002B
A/swine/Iowa/16TOSU2822/2016,6/9/2016,Iowa,6,NA,2002,N2,2002B,2002B
A/swine/Iowa/16TOSU2850/2016,6/9/2016,Iowa,6,NA,2002,N2,2002B,2002B
A/swine/Indiana/16TOSU4055/2016,6/1/2016,Indiana,6,NA,2002,N2,2002B,2002B
A/swine/Indiana/16TOSU4114/2016,6/1/2016,Indiana,6,NA,2002,N2,2002B,2002B
A/swine/Indiana/16TOSU4141/2016,6/1/2016,Indiana,6,NA,2002,N2,2002B,2002B
A/swine/Indiana/16TOSU4158/2016,6/1/2016,Indiana,6,NA,2002,N2,2002B,2002B
A/swine/Indiana/16TOSU4043/2016,6/1/2016,Indiana,6,NA,2002,N2,2002B,2002B
A/swine/Illinois/16TOSU7168/2016,6/1/2016,Illinois,6,NA,2002,N2,2002B,2002B
A/swine/Michigan/16TOSU3328/2016,6/1/2016,Michigan,6,NA,2002,N2,2002B,2002B
A/swine/Indiana/16TOSU2159/2016,6/1/2016,Indiana,6,NA,2002,N2,2002B,2002B
A/swine/Iowa/16TOSU2298/2016,6/1/2016,Iowa,6,NA,2002,N2,2002B,2002B
A/swine/Michigan/16TOSU3404/2016,6/1/2016,Michigan,6,NA,2002,N2,2002B,2002B
A/swine/Ohio/16TOSU1230/2016,5/28/2016,Ohio,6,NA,2002,N2,2002B,2002B
A/swine/Missouri/A01775853/2016,5/24/2016,Missouri,6,NA,2002,N2,2002B,2002B
A/swine/North_Carolina/A01775461/2016,5/13/2016,North_Carolina,6,NA,2002,N2,2002B,2002B
A/swine/Colorado/A01775092/2016,5/11/2016,Colorado,6,NA,2002,N2,2002B,2002B
A/swine/Indiana/A01812202/2016,4/24/2016,Indiana,6,NA,2002,N2,2002B,2002B
A/swine/North_Carolina/A01895864/2016,4/21/2016,North_Carolina,6,NA,2002,N2,2002B,2002B
A/swine/North_Carolina/A01895763/2016,4/20/2016,North_Carolina,6,NA,2002,N2,2002B,2002B
A/swine/North_Dakota/A01895932/2016,4/19/2016,North_Dakota,6,NA,2002,N2,2002A,2002A
A/swine/Illinois/A01895671/2016,4/18/2016,Illinois,6,NA,2002,N2,2002B,2002B
A/swine/North_Carolina/A01895772/2016,4/15/2016,North_Carolina,6,NA,2002,N2,2002B,2002B
A/swine/North_Carolina/A01895828/2016,4/14/2016,North_Carolina,6,NA,2002,N2,2002B,2002B
A/swine/Iowa/A01894589/2016,4/1/2016,Iowa,6,NA,2002,N2,2002A,2002A
A/swine/North_Carolina/A01894277/2016,3/25/2016,North_Carolina,6,NA,2002,N2,2002B,2002B
A/swine/Pennsylvania/A01733733/2016,3/17/2016,Pennsylvania,6,NA,2002,N2,2002B,2002B
A/swine/Iowa/A01733626/2016,3/16/2016,Iowa,6,NA,2002,N2,2002A,2002A
A/swine/North_Carolina/A01732941/2016,3/7/2016,North_Carolina,6,NA,2002,N2,2002B,2002B
A/swine/North_Carolina/A01732888/2016,3/3/2016,North_Carolina,6,NA,2002,N2,2002B,2002B
A/swine/Illinois/A01749812/2016,2/29/2016,Illinois,6,NA,2002,N2,2002B,2002B
A/swine/Illinois/A01732588/2016,2/25/2016,Illinois,6,NA,2002,N2,2002B,2002B
A/swine/North_Carolina/A01732322/2016,2/22/2016,North_Carolina,6,NA,2002,N2,2002B,2002B
A/swine/North_Carolina/A01731777/2016,2/16/2016,North_Carolina,6,NA,2002,N2,2002B,2002B
A/swine/North_Carolina/A01732197/2016,2/15/2016,North_Carolina,6,NA,2002,N2,2002B,2002B
A/swine/Minnesota/A01942325/2016,2/10/2016,Minnesota,6,NA,2002,N2,2002B,2002B
A/swine/North_Carolina/A01730588/2016,1/28/2016,North_Carolina,6,NA,2002,N2,2002B,2002B
A/swine/Pennsylvania/A01730466/2016,1/27/2016,Pennsylvania,6,NA,2002,N2,2002B,2002B
A/swine/North_Carolina/A01730226/2016,1/25/2016,North_Carolina,6,NA,2002,N2,2002B,2002B
A/swine/Indiana/A01812151/2016,1/20/2016,Indiana,6,NA,2002,N2,2002B,2002B
A/swine/Illinois/A01729658/2016,1/14/2016,Illinois,6,NA,2002,N2,2002B,2002B
A/swine/Iowa/A01729543/2016,1/12/2016,Iowa,6,NA,2002,N2,2002B,2002B
A/swine/North_Carolina/A01729547/2016,1/11/2016,North_Carolina,6,NA,2002,N2,2002B,2002B
A/swine/Indiana/A01729047/2016,1/6/2016,Indiana,6,NA,2002,N2,2002B,2002B
A/swine/North_Carolina/A01729044/2016,1/5/2016,North_Carolina,6,NA,2002,N2,2002B,2002B
A/swine/Iowa/A01728784/2016,1/4/2016,Iowa,6,NA,2002,N2,2002B,2002B
A/swine/Iowa/A01941921/2015,12/30/2015,Iowa,6,NA,2002,N2,2002B,2002B
A/swine/Illinois/A01728756/2015,12/29/2015,Illinois,6,NA,2002,N2,2002B,2002B
A/swine/North_Carolina/A01728545/2015,12/29/2015,North_Carolina,6,NA,2002,N2,2002B,2002B
A/swine/North_Carolina/A01728452/2015,12/28/2015,North_Carolina,6,NA,2002,N2,2002B,2002B
A/swine/Illinois/A01728293/2015,12/22/2015,Illinois,6,NA,2002,N2,2002B,2002B
A/swine/Oklahoma/A01728023/2015,12/16/2015,Oklahoma,6,NA,2002,N2,2002B,2002B
A/swine/Pennsylvania/A01727958/2015,12/15/2015,Pennsylvania,6,NA,2002,N2,2002B,2002B
A/swine/Minnesota/A01941515/2015,12/15/2015,Minnesota,6,NA,2002,N2,2002B,2002B
A/swine/Minnesota/A01941504/2015,12/14/2015,Minnesota,6,NA,2002,N2,2002B,2002B
A/swine/Illinois/A01727602/2015,12/11/2015,Illinois,6,NA,2002,N2,2002B,2002B
A/swine/Illinois/A01727528/2015,12/11/2015,Illinois,6,NA,2002,N2,2002B,2002B
A/swine/Illinois/A01727532/2015,12/10/2015,Illinois,6,NA,2002,N2,2002B,2002B
A/swine/Ohio/A01727442/2015,12/9/2015,Ohio,6,NA,2002,N2,2002B,2002B
A/swine/North_Carolina/A01727367/2015,12/8/2015,North_Carolina,6,NA,2002,N2,2002B,2002B
A/swine/Kansas/A01377649/2015,12/7/2015,Kansas,6,NA,2002,N2,2002B,2002B
A/swine/Ohio/A01796509/2015,11/30/2015,Ohio,6,NA,2002,N2,2002B,2002B
A/swine/Ohio/A01895033/2015,11/24/2015,Ohio,6,NA,2002,N2,2002B,2002B
A/swine/Iowa/A01796466/2015,11/19/2015,Iowa,6,NA,2002,N2,2002B,2002B
A/swine/Florida/A01104089/2015,11/17/2015,Florida,6,NA,2002,N2,2002B,2002B
A/swine/Oklahoma/A01896023/2015,11/16/2015,Oklahoma,6,NA,2002,N2,2002B,2002B
A/swine/Minnesota/A01941131/2015,11/16/2015,Minnesota,6,NA,2002,N2,2002B,2002B
A/swine/Illinois/A01796273/2015,11/11/2015,Illinois,6,NA,2002,N2,2002B,2002B
A/swine/Ohio/A01941023/2015,11/9/2015,Ohio,6,NA,2002,N2,2002A,2002A
A/swine/North_Carolina/A01796260/2015,11/6/2015,North_Carolina,6,NA,2002,N2,2002B,2002B
A/swine/Iowa/A01795793/2015,11/5/2015,Iowa,6,NA,2002,N2,2002B,2002B
A/swine/OK/A01377632/2015,11/4/2015,Oklahoma,6,NA,2002,N2,2002B,2002B
A/swine/Indiana/A01812059/2015,11/4/2015,Indiana,6,NA,2002,N2,2002B,2002B
A/swine/OK/A01377622/2015,11/4/2015,Oklahoma,6,NA,2002,N2,2002B,2002B
A/swine/Ohio/A01797012/2015,11/2/2015,Ohio,6,NA,2002,N2,2002B,2002B
A/swine/Illinois/A01797275/2015,11/2/2015,Illinois,6,NA,2002,N2,2002B,2002B
A/swine/North_Carolina/A01795709/2015,10/29/2015,North_Carolina,6,NA,2002,N2,2002B,2002B
A/swine/Illinois/A01944946/2015,10/29/2015,Illinois,6,NA,2002,N2,2002B,2002B
A/swine/Iowa/A01944877/2015,10/28/2015,Iowa,6,NA,2002,N2,2002B,2002B
A/swine/Iowa/A01944835/2015,10/27/2015,Iowa,6,NA,2002,N2,2002B,2002B
A/swine/North_Carolina/A01945976/2015,10/27/2015,North_Carolina,6,NA,2002,N2,2002B,2002B
A/swine/North_Carolina/A01945969/2015,10/27/2015,North_Carolina,6,NA,2002,N2,2002B,2002B
A/swine/North_Carolina/A01945973/2015,10/27/2015,North_Carolina,6,NA,2002,N2,2002B,2002B
A/swine/Arkansas/A01857979/2015,10/26/2015,Arkansas,6,NA,2002,N2,2002B,2002B
A/swine/North_Carolina/A01945912/2015,10/24/2015,North_Carolina,6,NA,2002,N2,2002B,2002B
A/swine/North_Carolina/A01945939/2015,10/24/2015,North_Carolina,6,NA,2002,N2,2002B,2002B
A/swine/North_Carolina/A01945823/2015,10/23/2015,North_Carolina,6,NA,2002,N2,2002B,2002B
A/swine/Kansas/A01377619/2015,10/22/2015,Kansas,6,NA,2002,N2,2002B,2002B
A/swine/North_Carolina/A01945740/2015,10/21/2015,North_Carolina,6,NA,2002,N2,2002B,2002B
A/swine/Illinois/A01749100/2015,10/20/2015,Illinois,6,NA,2002,N2,2002B,2002B
A/swine/North_Carolina/A01945753/2015,10/20/2015,North_Carolina,6,NA,2002,N2,2002B,2002B
A/swine/North_Carolina/A01945726/2015,10/19/2015,North_Carolina,6,NA,2002,N2,2002B,2002B
A/swine/North_Carolina/A01945728/2015,10/19/2015,North_Carolina,6,NA,2002,N2,2002B,2002B
A/swine/Illinois/A01945691/2015,10/19/2015,Illinois,6,NA,2002,N2,2002B,2002B
A/swine/Minnesota/A01940765/2015,10/19/2015,Minnesota,6,NA,2002,N2,2002B,2002B
A/swine/Minnesota/A01940814/2015,10/19/2015,Minnesota,6,NA,2002,N2,2002B,2002B
A/swine/North_Carolina/A01944728/2015,10/16/2015,North_Carolina,6,NA,2002,N2,2002B,2002B
A/swine/Ohio/A01857766/2015,10/14/2015,Ohio,6,NA,2002,N2,2002A,2002A
A/swine/North_Carolina/A01857750/2015,10/13/2015,North_Carolina,6,NA,2002,N2,2002B,2002B
A/swine/Illinois/A02090984/2015,10/12/2015,Illinois,6,NA,2002,N2,2002B,2002B
A/swine/Ohio/A01795365/2015,10/8/2015,Ohio,6,NA,2002,N2,2002A,2002A
A/swine/North_Carolina/A01945452/2015,10/6/2015,North_Carolina,6,NA,2002,N2,2002B,2002B
A/swine/Ohio/A01944458/2015,10/6/2015,Ohio,6,NA,2002,N2,2002A,2002A
A/swine/Iowa/A01857687/2015,9/30/2015,Iowa,6,NA,2002,N2,2002B,2002B
A/swine/Iowa/A01944211/2015,9/28/2015,Iowa,6,NA,2002,N2,2002B,2002B
A/swine/North_Carolina/A01945243/2015,9/24/2015,North_Carolina,6,NA,2002,N2,2002B,2002B
A/swine/Minnesota/A01940427/2015,9/21/2015,Minnesota,6,NA,2002,N2,2002B,2002B
A/swine/North_Carolina/A01945112/2015,9/15/2015,North_Carolina,6,NA,2002,N2,2002B,2002B
A/swine/Illinois/A01857433/2015,9/14/2015,Illinois,6,NA,2002,N2,2002B,2002B
A/swine/Iowa/A02025916/2015,9/8/2015,Iowa,6,NA,2002,N2,2002B,2002B
A/swine/North_Carolina/A02025897/2015,9/3/2015,North_Carolina,6,NA,2002,N2,2002B,2002B
A/swine/North_Carolina/A01857097/2015,9/2/2015,North_Carolina,6,NA,2002,N2,2002B,2002B
A/swine/Indiana/A01260976/2015,9/1/2015,Indiana,6,NA,2002,N2,2002B,2002B
A/swine/North_Carolina/A01857100/2015,8/31/2015,North_Carolina,6,NA,2002,N2,2002B,2002B
A/swine/North_Carolina/A01857103/2015,8/31/2015,North_Carolina,6,NA,2002,N2,2002B,2002B
A/swine/Illinois/A02090639/2015,8/26/2015,Illinois,6,NA,2002,N2,2002B,2002B
A/swine/Illinois/A01770678/2015,8/24/2015,Illinois,6,NA,2002,N2,2002B,2002B
A/swine/Minnesota/A01940148/2015,8/24/2015,Minnesota,6,NA,2002,N2,2002B,2002B
A/swine/North_Carolina/A02025678/2015,8/21/2015,North_Carolina,6,NA,2002,N2,2002B,2002B
A/swine/Minnesota/A01940153/2015,8/17/2015,Minnesota,6,NA,2002,N2,2002B,2002B
A/swine/Michigan/A02025547/2015,8/13/2015,Michigan,6,NA,2002,N2,2002B,2002B
A/swine/North_Carolina/A02025575/2015,8/12/2015,North_Carolina,6,NA,2002,N2,2002B,2002B
A/swine/Illinois/A01770246/2015,8/12/2015,Illinois,6,NA,2002,N2,2002B,2002B
A/swine/Indiana/A01260958/2015,8/11/2015,Indiana,6,NA,2002,N2,2002B,2002B
A/swine/Kansas/A01377582/2015,8/10/2015,Kansas,6,NA,2002,N2,2002B,2002B
A/swine/Minnesota/A01472881/2015,8/10/2015,Minnesota,6,NA,2002,N2,2002B,2002B
A/swine/Oklahoma/A01770191/2015,8/7/2015,Oklahoma,6,NA,2002,N2,2002B,2002B
A/swine/Iowa/A01769343/2015,8/5/2015,Iowa,6,NA,2002,N2,2002B,2002B
A/swine/North_Carolina/A01770073/2015,8/4/2015,North_Carolina,6,NA,2002,N2,2002B,2002B
A/swine/North_Carolina/A01770059/2015,8/3/2015,North_Carolina,6,NA,2002,N2,2002B,2002B
A/swine/North_Carolina/A02034953/2015,7/29/2015,North_Carolina,6,NA,2002,N2,2002B,2002B
A/swine/Ilinois/A02090378/2015,7/28/2015,Unknown,6,NA,2002,N2,2002B,2002B
A/swine/North_Carolina/A02025402/2015,7/27/2015,North_Carolina,6,NA,2002,N2,2002B,2002B
A/swine/Indiana/15TOSU8822/2015,7/24/2015,Indiana,6,NA,2002,N2,2002B,2002B
A/swine/Ilinois/A02090306/2015,7/21/2015,Unknown,6,NA,2002,N2,2002B,2002B
A/swine/North_Carolina/A02035784/2015,7/21/2015,North_Carolina,6,NA,2002,N2,2002B,2002B
A/swine/Nebraska/A01823621/2015,7/20/2015,Nebraska,6,NA,2002,N2,2002B,2002B
A/swine/Indiana/15TOSU1248/2015,7/18/2015,Indiana,6,NA,2002,N2,2002B,2002B
A/swine/Indiana/15TOSU0348/2015,7/17/2015,Indiana,6,NA,2002,N2,2002B,2002B
A/swine/North_Carolina/A02034471/2015,7/17/2015,North_Carolina,6,NA,2002,N2,2002B,2002B
A/swine/Indiana/15TOSU0219/2015,7/16/2015,Indiana,6,NA,2002,N2,2002B,2002B
A/swine/Nebraska/A01823468/2015,7/9/2015,Nebraska,6,NA,2002,N2,2002B,2002B
A/swine/Indiana/15TOSU0881/2015,7/9/2015,Indiana,6,NA,2002,N2,2002B,2002B
A/swine/North_Carolina/A02025176/2015,7/8/2015,North_Carolina,6,NA,2002,N2,2002B,2002B
A/swine/Iowa/A02025203/2015,7/8/2015,Iowa,6,NA,2002,N2,2002B,2002B
A/swine/North_Carolina/A02034333/2015,7/7/2015,North_Carolina,6,NA,2002,N2,2002B,2002B
A/swine/Nebraska/A01823392/2015,7/7/2015,Nebraska,6,NA,2002,N2,2002B,2002B
A/swine/Indiana/15TOSU8903/2015,7/1/2015,Indiana,6,NA,2002,N2,2002B,2002B
A/swine/Indiana/15TOSU8898/2015,7/1/2015,Indiana,6,NA,2002,N2,2002B,2002B
A/swine/Indiana/A01260926/2015,6/29/2015,Indiana,6,NA,2002,N2,2002B,2002B
A/swine/Minnesota/A01471950/2015,6/29/2015,Minnesota,6,NA,2002,N2,2002B,2002B
A/swine/Indiana/15TOSU0844/2015,6/25/2015,Indiana,6,NA,2002,N2,2002B,2002B
A/swine/Indiana/15TOSU0495/2015,6/25/2015,Indiana,6,NA,2002,N2,2002B,2002B
A/swine/Indiana/15TOSU0850/2015,6/25/2015,Indiana,6,NA,2002,N2,2002B,2002B
A/swine/Illinois/A00843253/2015,6/12/2015,Illinois,6,NA,2002,N2,2002B,2002B
A/swine/Minnesota/A01822846/2015,6/8/2015,Minnesota,6,NA,2002,N2,2002B,2002B
A/swine/Nebraska/A01822664/2015,6/5/2015,Nebraska,6,NA,2002,N2,2002A,2002A
A/swine/North_Carolina/A02024648/2015,6/3/2015,North_Carolina,6,NA,2002,N2,2002B,2002B
A/swine/Nebraska/A01822499/2015,6/1/2015,Nebraska,6,NA,2002,N2,2002B,2002B
A/swine/North_Carolina/A02024129/2015,5/20/2015,North_Carolina,6,NA,2002,N2,2002B,2002B
A/swine/Nebraska/A01822258/2015,5/19/2015,Nebraska,6,NA,2002,N2,2002B,2002B
A/swine/Illinois/A02024070/2015,5/15/2015,Illinois,6,NA,2002,N2,2002B,2002B
A/swine/Iowa/A02076873/2015,5/8/2015,Iowa,6,NA,2002,N2,2002B,2002B
A/swine/Illinois/A02076874/2015,5/7/2015,Illinois,6,NA,2002,N2,2002B,2002B
A/swine/Iowa/A02077538/2015,5/7/2015,Iowa,6,NA,2002,N2,2002B,2002B
A/swine/North_Carolina/A02077505/2015,5/6/2015,North_Carolina,6,NA,2002,N2,2002B,2002B
A/swine/Iowa/A02076659/2015,4/29/2015,Iowa,6,NA,2002,N2,2002B,2002B
A/swine/Indiana/A01260882/2015,4/28/2015,Indiana,6,NA,2002,N2,2002B,2002B
A/swine/Illinois/A01847805/2015,4/24/2015,Illinois,6,NA,2002,N2,2002B,2002B
A/swine/Illinois/A01554902/2015,4/24/2015,Illinois,6,NA,2002,N2,2002B,2002B
A/swine/Illinois/A01820364/2015,4/14/2015,Illinois,6,NA,2002,N2,2002B,2002B
A/swine/Nebraska/A01847244/2015,4/9/2015,Nebraska,6,NA,2002,N2,2002B,2002B
A/swine/North_Carolina/A02076180/2015,4/8/2015,North_Carolina,6,NA,2002,N2,2002B,2002B
A/swine/Nebraska/A01847174/2015,4/7/2015,Nebraska,6,NA,classicalSwine,N1,classical,classical
A/swine/Iowa/A02076179/2015,4/7/2015,Iowa,6,NA,2002,N2,2002B,2002B
A/swine/Nebraska/A01847184/2015,4/7/2015,Nebraska,6,NA,2002,N2,2002B,2002B
A/swine/Nebraska/A01847145/2015,4/6/2015,Nebraska,6,NA,2002,N2,2002B,2002B
A/swine/Nebraska/A01847132/2015,4/6/2015,Nebraska,6,NA,2002,N2,2002B,2002B
A/swine/Indiana/A01260863/2015,4/3/2015,Indiana,6,NA,2002,N2,2002B,2002B
A/swine/Illinois/A01841768/2015,3/26/2015,Illinois,6,NA,2002,N2,2002B,2002B
A/swine/Illinois/A01820128/2015,3/20/2015,Illinois,6,NA,2002,N2,2002B,2002B
A/swine/Nebraska/A01489819/2015,3/19/2015,Nebraska,6,NA,2002,N2,2002A,2002A
A/swine/North_Carolina/A01841712/2015,3/19/2015,North_Carolina,6,NA,2002,N2,2002B,2002B
A/swine/Illinois/A01840991/2015,3/11/2015,Illinois,6,NA,2002,N2,2002B,2002B
A/swine/Nebraska/A01489647/2015,3/10/2015,Nebraska,6,NA,2002,N2,2002A,2002A
A/swine/Indiana/A01841389/2015,3/10/2015,Indiana,6,NA,2002,N2,2002B,2002B
A/swine/North_Carolina/A01841335/2015,3/5/2015,North_Carolina,6,NA,2002,N2,2002B,2002B
A/swine/Illinois/A01555638/2015,2/26/2015,Illinois,6,NA,2002,N2,2002B,2002B
A/swine/Iowa/A01840866/2015,2/25/2015,Iowa,6,NA,2002,N2,2002B,2002B
A/swine/North_Carolina/A01555667/2015,2/23/2015,North_Carolina,6,NA,2002,N2,2002B,2002B
A/swine/Illinois/A01555570/2015,2/19/2015,Illinois,6,NA,2002,N2,2002B,2002B
A/swine/Illinois/A01478890/2015,2/19/2015,Illinois,6,NA,2002,N2,2002B,2002B
A/swine/Iowa/A01478820/2015,2/12/2015,Iowa,6,NA,2002,N2,2002B,2002B
A/swine/North_Carolina/A01555533/2015,2/3/2015,North_Carolina,6,NA,2002,N2,2002B,2002B
A/swine/Nebraska/A01478775/2015,2/3/2015,Nebraska,6,NA,2002,N2,2002B,2002B
A/swine/North_Carolina/A01555522/2015,2/3/2015,North_Carolina,6,NA,2002,N2,2002B,2002B
A/swine/Illinois/A01462663/2015,2/2/2015,Illinois,6,NA,2002,N2,2002B,2002B
A/swine/Illinois/A01462644/2015,1/29/2015,Illinois,6,NA,2002,N2,2002B,2002B
A/swine/Illinois/A01489882/2015,1/27/2015,Illinois,6,NA,2002,N2,2002B,2002B
A/swine/Illinois/A01462594/2015,1/23/2015,Illinois,6,NA,2002,N2,2002B,2002B
A/swine/Nebraska/A01567868/2015,1/23/2015,Nebraska,6,NA,2002,N2,2002B,2002B
A/swine/North_Carolina/A01840506/2015,1/16/2015,North_Carolina,6,NA,2002,N2,2002B,2002B
A/swine/Kansas/14_000624/2015,1/12/2015,Kansas,6,NA,2002,N2,2002B,2002B
A/swine/Nebraska/A01567651/2015,1/12/2015,Nebraska,6,NA,2002,N2,2002A,2002A
A/swine/North_Carolina/A01840322/2015,1/9/2015,North_Carolina,6,NA,2002,N2,2002B,2002B
A/swine/North_Carolina/A01840289/2015,1/7/2015,North_Carolina,6,NA,2002,N2,2002B,2002B
A/swine/North_Carolina/A01555273/2015,1/2/2015,North_Carolina,6,NA,2002,N2,2002B,2002B
A/swine/North_Carolina/157671/2015,2015,North_Carolina,6,NA,2002,N2,2002B,2002B
A/swine/Iowa/A01840226/2014,12/19/2014,Iowa,6,NA,2002,N2,2002B,2002B
A/swine/Oklahoma/A01567195/2014,12/18/2014,Oklahoma,6,NA,2002,N2,2002B,2002B
A/swine/Nebraska/A01567207/2014,12/18/2014,Nebraska,6,NA,2002,N2,2002A,2002A
A/swine/Minnesota/A01469329/2014,12/18/2014,Minnesota,6,NA,2002,N2,2002B,2002B
A/swine/Oklahoma/A01567185/2014,12/17/2014,Oklahoma,6,NA,2002,N2,2002B,2002B
A/swine/Minnesota/A01489046/2014,12/17/2014,Minnesota,6,NA,2002,N2,2002B,2002B
A/swine/Missouri/A01555163/2014,12/12/2014,Missouri,6,NA,2002,N2,2002B,2002B
A/swine/Indiana/A01840146/2014,12/12/2014,Indiana,6,NA,2002,N2,2002B,2002B
A/swine/Arkansas/A01840147/2014,12/12/2014,Arkansas,6,NA,2002,N2,2002B,2002B
A/swine/Nebraska/A01567084/2014,12/11/2014,Nebraska,6,NA,2002,N2,2002A,2002A
A/swine/Arkansas/A01555162/2014,12/11/2014,Arkansas,6,NA,2002,N2,2002B,2002B
A/swine/Indiana/A01840254/2014,12/11/2014,Indiana,6,NA,2002,N2,2002B,2002B
A/swine/North_Carolina/A01377457/2014,12/11/2014,North_Carolina,6,NA,2002,N2,2002B,2002B
A/swine/North_Carolina/A01840158/2014,12/10/2014,North_Carolina,6,NA,2002,N2,2002B,2002B
A/swine/Indiana/A01840133/2014,12/10/2014,Indiana,6,NA,2002,N2,2002B,2002B
A/swine/Ohio/A01567020/2014,12/10/2014,Ohio,6,NA,2002,N2,2002B,2002B
A/swine/Kansas/14_032477/2014,12/10/2014,Kansas,6,NA,2002,N2,2002B,2002B
A/swine/Arkansas/A01840096/2014,12/9/2014,Arkansas,6,NA,2002,N2,2002B,2002B
A/swine/Indiana/A01840253/2014,12/9/2014,Indiana,6,NA,2002,N2,2002B,2002B
A/swine/Iowa/A01555142/2014,12/8/2014,Iowa,6,NA,2002,N2,2002B,2002B
A/swine/North_Carolina/A01555111/2014,12/5/2014,North_Carolina,6,NA,2002,N2,2002B,2002B
A/swine/Iowa/A01840061/2014,12/4/2014,Iowa,6,NA,2002,N2,2002B,2002B
A/swine/North_Carolina/A01840022/2014,12/3/2014,North_Carolina,6,NA,2002,N2,2002B,2002B
A/swine/Ohio/A01840053/2014,12/3/2014,Ohio,6,NA,2002,N2,2002B,2002B
A/swine/North_Carolina/A01840071/2014,12/3/2014,North_Carolina,6,NA,2002,N2,2002B,2002B
A/swine/Arkansas/A01555090/2014,12/2/2014,Arkansas,6,NA,2002,N2,2002B,2002B
A/swine/Arkansas/A01555074/2014,11/24/2014,Arkansas,6,NA,2002,N2,2002B,2002B
A/swine/North_Carolina/A01477954/2014,11/21/2014,North_Carolina,6,NA,2002,N2,2002B,2002B
A/swine/Illinois/A01555050/2014,11/21/2014,Illinois,6,NA,2002,N2,2002B,2002B
A/swine/Nebraska/A01566782/2014,11/21/2014,Nebraska,6,NA,2002,N2,2002B,2002B
A/swine/Illinois/A01476977/2014,11/13/2014,Illinois,6,NA,2002,N2,2002B,2002B
A/swine/Illinois/A01489874/2014,11/11/2014,Illinois,6,NA,2002,N2,2002B,2002B
A/swine/North_Carolina/A01476949/2014,11/11/2014,North_Carolina,6,NA,2002,N2,2002B,2002B
A/swine/North_Carolina/A01476974/2014,11/11/2014,North_Carolina,6,NA,2002,N2,2002B,2002B
A/swine/North_Carolina/A01476954/2014,11/11/2014,North_Carolina,6,NA,2002,N2,2002B,2002B
A/swine/Arkansas/A01476939/2014,11/10/2014,Arkansas,6,NA,2002,N2,2002B,2002B
A/swine/Illinois/A01489873/2014,11/6/2014,Illinois,6,NA,2002,N2,2002B,2002B
A/swine/Iowa/A01476878/2014,10/31/2014,Iowa,6,NA,2002,N2,2002B,2002B
A/swine/North_Carolina/A01476883/2014,10/30/2014,North_Carolina,6,NA,2002,N2,2002B,2002B
A/swine/Iowa/A01476877/2014,10/29/2014,Iowa,6,NA,2002,N2,2002B,2002B
A/swine/Nebraska/A01566334/2014,10/24/2014,Nebraska,6,NA,2002,N2,2002B,2002B
A/swine/Minnesota/A01477780/2014,10/22/2014,Minnesota,6,NA,2002,N2,2002B,2002B
A/swine/North_Carolina/A01476848/2014,10/21/2014,North_Carolina,6,NA,2002,N2,2002B,2002B
A/swine/Nebraska/A01565990/2014,10/20/2014,Nebraska,6,NA,2002,N2,2002A,2002A
A/swine/North_Carolina/A01476757/2014,10/19/2014,North_Carolina,6,NA,2002,N2,2002B,2002B
A/swine/Nebraska/A01565950/2014,10/16/2014,Nebraska,6,NA,2002,N2,2002A,2002A
A/swine/Nebraska/A01477775/2014,10/16/2014,Nebraska,6,NA,2002,N2,2002B,2002B
A/swine/North_Carolina/A01476734/2014,10/15/2014,North_Carolina,6,NA,2002,N2,2002B,2002B
A/swine/North_Carolina/A01478182/2014,10/15/2014,North_Carolina,6,NA,2002,N2,2002B,2002B
A/swine/Iowa/A01565921/2014,10/15/2014,Iowa,6,NA,2002,N2,2002B,2002B
A/swine/Illinois/A01520758/2014,10/14/2014,Illinois,6,NA,2002,N2,2002B,2002B
A/swine/North_Carolina/A01476722/2014,10/14/2014,North_Carolina,6,NA,2002,N2,2002B,2002B
A/swine/North_Carolina/A01476719/2014,10/14/2014,North_Carolina,6,NA,2002,N2,2002B,2002B
A/swine/Indiana/A01476743/2014,10/14/2014,Indiana,6,NA,2002,N2,2002B,2002B
A/swine/North_Carolina/A01476698/2014,10/14/2014,North_Carolina,6,NA,2002,N2,2002B,2002B
A/swine/North_Carolina/A01476688/2014,10/10/2014,North_Carolina,6,NA,2002,N2,2002B,2002B
A/swine/North_Carolina/A01476560/2014,10/6/2014,North_Carolina,6,NA,2002,N2,2002B,2002B
A/swine/Pennsylvania/A01477597/2014,9/25/2014,Pennsylvania,6,NA,2002,N2,2002A,2002A
A/swine/Indiana/A01260667/2014,9/24/2014,Indiana,6,NA,2002,N2,2002B,2002B
A/swine/North_Carolina/A01476427/2014,9/17/2014,North_Carolina,6,NA,2002,N2,2002B,2002B
A/swine/Iowa/A01476426/2014,9/17/2014,Iowa,6,NA,2002,N2,2002B,2002B
A/swine/Minnesota/A01483010/2014,9/17/2014,Minnesota,6,NA,2002,N2,2002A,2002A
A/swine/Iowa/A01476428/2014,9/16/2014,Iowa,6,NA,2002,N2,2002B,2002B
A/swine/Illinois/A01565507/2014,9/16/2014,Illinois,6,NA,pdm,N1,pandemic,pandemic
A/swine/Nebraska/A01489870/2014,9/11/2014,Nebraska,6,NA,2002,N2,2002A,2002A
A/swine/North_Carolina/A01476367/2014,9/8/2014,North_Carolina,6,NA,2002,N2,2002B,2002B
A/swine/North_Carolina/A01476354/2014,9/5/2014,North_Carolina,6,NA,2002,N2,2002B,2002B
A/swine/North_Carolina/A01478000/2014,8/29/2014,North_Carolina,6,NA,2002,N2,2002B,2002B
A/swine/Illinois/A01489869/2014,8/27/2014,Illinois,6,NA,2002,N2,2002B,2002B
A/swine/Illinois/A01503899/2014,8/27/2014,Illinois,6,NA,2002,N2,2002B,2002B
A/swine/Iowa/A01476267/2014,8/22/2014,Iowa,6,NA,2002,N2,2002B,2002B
A/swine/Iowa/A01476223/2014,8/15/2014,Iowa,6,NA,2002,N2,2002B,2002B
A/swine/Illinois/A00843206/2014,8/8/2014,Illinois,6,NA,2002,N2,2002B,2002B
A/swine/North_Carolina/A01476196/2014,8/6/2014,North_Carolina,6,NA,2002,N2,2002B,2002B
A/swine/Illinois/A01476214/2014,8/6/2014,Illinois,6,NA,2002,N2,2002B,2002B
A/swine/Nebraska/A01489868/2014,8/4/2014,Nebraska,6,NA,2002,N2,2002A,2002A
A/swine/North_Carolina/A01476177/2014,8/1/2014,North_Carolina,6,NA,2002,N2,2002B,2002B
A/swine/North_Carolina/A01477142/2014,7/30/2014,North_Carolina,6,NA,2002,N2,2002B,2002B
A/swine/North_Carolina/A01566286/2014,7/28/2014,North_Carolina,6,NA,2002,N2,2002B,2002B
A/swine/Nebraska/A01476165/2014,7/28/2014,Nebraska,6,NA,2002,N2,2002B,2002B
A/swine/Minnesota/A01477050/2014,7/11/2014,Minnesota,6,NA,2002,N2,2002B,2002B
A/swine/North_Carolina/A01476099/2014,7/11/2014,North_Carolina,6,NA,2002,N2,2002B,2002B
A/swine/North_Carolina/A01476072/2014,7/9/2014,North_Carolina,6,NA,2002,N2,2002B,2002B
A/swine/Kansas/018050_1/2014,7/9/2014,Kansas,6,NA,2002,N2,2002B,2002B
A/swine/North_Carolina/A01476074/2014,7/9/2014,North_Carolina,6,NA,2002,N2,2002B,2002B
A/swine/North_Carolina/A01476078/2014,7/7/2014,North_Carolina,6,NA,2002,N2,2002B,2002B
A/swine/California/A00968949/2014,7/2/2014,California,6,NA,2002,N2,2002B,2002B
A/swine/Kansas/A01377326/2014,7/1/2014,Kansas,6,NA,2002,N2,2002B,2002B
A/swine/South_Dakota/A01481928/2014,6/25/2014,South_Dakota,6,NA,2002,N2,2002B,2002B
A/swine/Nebraska/A01565757/2014,6/24/2014,Nebraska,6,NA,2002,N2,2002A,2002A
A/swine/Iowa/A01410995/2014,6/19/2014,Iowa,6,NA,2002,N2,2002B,2002B
A/swine/Illinois/A01502005/2014,6/18/2014,Illinois,6,NA,2002,N2,2002B,2002B
A/swine/Illinois/A01501987/2014,6/18/2014,Illinois,6,NA,2002,N2,2002B,2002B
A/swine/Illinois/A01502053/2014,6/18/2014,Illinois,6,NA,2002,N2,2002B,2002B
A/swine/Illinois/A01502036/2014,6/18/2014,Illinois,6,NA,2002,N2,2002B,2002B
A/swine/Illinois/A01502060/2014,6/18/2014,Illinois,6,NA,2002,N2,2002B,2002B
A/swine/Illinois/A01502079/2014,6/18/2014,Illinois,6,NA,2002,N2,2002B,2002B
A/swine/Illinois/A01502049/2014,6/18/2014,Illinois,6,NA,2002,N2,2002B,2002B
A/swine/North_Carolina/A01475825/2014,6/17/2014,North_Carolina,6,NA,2002,N2,2002B,2002B
A/swine/South_Dakota/A01481811/2014,6/17/2014,South_Dakota,6,NA,2002,N2,2002B,2002B
A/swine/Minnesota/A01567013/2014,6/16/2014,Minnesota,6,NA,2002,N2,2002B,2002B
A/swine/Iowa/A01410971/2014,6/16/2014,Iowa,6,NA,2002,N2,2002B,2002B
A/swine/United_State/A01410955/2014,6/13/2014,Unknown,6,NA,2002,N2,2002B,2002B
A/swine/Nebraska/A01501767/2014,6/12/2014,Nebraska,6,NA,2002,N2,2002A,2002A
A/swine/Michigan/A01410962/2014,6/11/2014,Michigan,6,NA,2002,N2,2002B,2002B
A/swine/Iowa/A01501685/2014,6/5/2014,Iowa,6,NA,2002,N2,2002B,2002B
A/swine/Oklahoma/A01475757/2014,Jun-14,Oklahoma,6,NA,2002,N2,2002B,2002B
A/swine/Iowa/A01501525/2014,5/29/2014,Iowa,6,NA,2002,N2,2002B,2002B
A/swine/Iowa/A01501240/2014,5/19/2014,Iowa,6,NA,2002,N2,2002B,2002B
A/swine/South_Dakota/A01481392/2014,5/13/2014,South_Dakota,6,NA,2002,N2,2002B,2002B
A/swine/Iowa/A01501048/2014,5/13/2014,Iowa,6,NA,2002,N2,2002B,2002B
A/swine/Iowa/A01501046/2014,5/13/2014,Iowa,6,NA,2002,N2,2002B,2002B
A/swine/Iowa/A01481390/2014,5/13/2014,Iowa,6,NA,2002,N2,2002B,2002B
A/swine/Nebraska/A01509963/2014,5/7/2014,Nebraska,6,NA,2002,N2,2002A,2002A
A/swine/United_State/A01410840/2014,May-14,Unknown,6,NA,2002,N2,2002B,2002B
A/swine/North_Carolina/A01410777/2014,May-14,North_Carolina,6,NA,2002,N2,2002B,2002B
A/swine/Illinois/A01410786/2014,May-14,Illinois,6,NA,2002,N2,2002B,2002B
A/swine/Minnesota/A01410771/2014,May-14,Minnesota,6,NA,2002,N2,2002B,2002B
A/swine/Indiana/A01410773/2014,May-14,Indiana,6,NA,2002,N2,2002B,2002B
A/swine/Iowa/A01410748/2014,May-14,Iowa,6,NA,2002,N2,2002B,2002B
A/swine/North_Carolina/A01410800/2014,May-14,North_Carolina,6,NA,2002,N2,2002B,2002B
A/swine/North_Carolina/A01410779/2014,May-14,North_Carolina,6,NA,2002,N2,2002B,2002B
A/swine/Iowa/A01475548/2014,May-14,Iowa,6,NA,2002,N2,2002B,2002B
A/swine/USA/A01410908/2014,May-14,Unknown,6,NA,2002,N2,2002B,2002B
A/swine/North_Carolina/A01475600/2014,May-14,North_Carolina,6,NA,2002,N2,2002B,2002B
A/swine/Iowa/A01475456/2014,May-14,Iowa,6,NA,2002,N2,2002B,2002B
A/swine/North_Carolina/A01410877/2014,May-14,North_Carolina,6,NA,2002,N2,2002B,2002B
A/swine/Iowa/A01475544/2014,May-14,Iowa,6,NA,2002,N2,2002B,2002B
A/swine/Iowa/A01410847/2014,May-14,Iowa,6,NA,2002,N2,2002B,2002B
A/swine/Minnesota/A01509676/2014,4/28/2014,Minnesota,6,NA,2002,N2,2002B,2002B
A/swine/Minnesota/A01481073/2014,4/16/2014,Minnesota,6,NA,2002,N2,2002B,2002B
A/swine/Illinois/A01509209/2014,4/15/2014,Illinois,6,NA,2002,N2,2002B,2002B
A/swine/Illinois/A01509203/2014,4/15/2014,Illinois,6,NA,2002,N2,2002B,2002B
A/swine/Illinois/A01509186/2014,4/15/2014,Illinois,6,NA,2002,N2,2002B,2002B
A/swine/Nebraska/A01493915/2014,4/9/2014,Nebraska,6,NA,2002,N2,2002A,2002A
A/swine/Illinois/A01536474/2014,4/7/2014,Illinois,6,NA,2002,N2,2002B,2002B
A/swine/Missouri/A01493970/2014,4/3/2014,Missouri,6,NA,2002,N2,2002B,2002B
A/swine/Missouri/A01493964/2014,4/3/2014,Missouri,6,NA,2002,N2,2002B,2002B
A/swine/Indiana/A01260523/2014,4/3/2014,Indiana,6,NA,2002,N2,2002B,2002B
A/swine/Iowa/A01480817/2014,4/2/2014,Iowa,6,NA,2002,N2,2002B,2002B
A/swine/Illinois/A01475273/2014,Apr-14,Illinois,6,NA,2002,N2,2002B,2002B
A/swine/Illinois/A01475279/2014,Apr-14,Illinois,6,NA,2002,N2,2002B,2002B
A/swine/North_Carolina/A01410622/2014,Apr-14,North_Carolina,6,NA,2002,N2,2002B,2002B
A/swine/North_Carolina/A01475277/2014,Apr-14,North_Carolina,6,NA,2002,N2,2002B,2002B
A/swine/North_Carolina/A01410593/2014,Apr-14,North_Carolina,6,NA,2002,N2,2002B,2002B
A/swine/Illinois/A01411761/2014,Apr-14,Illinois,6,NA,2002,N2,2002A,2002A
A/swine/Iowa/A01410633/2014,Apr-14,Iowa,6,NA,2002,N2,2002B,2002B
A/swine/North_Carolina/A01410732/2014,Apr-14,North_Carolina,6,NA,2002,N2,2002B,2002B
A/swine/North_Carolina/A01410691/2014,Apr-14,North_Carolina,6,NA,2002,N2,2002B,2002B
A/swine/Iowa/A01410600/2014,Apr-14,Iowa,6,NA,2002,N2,2002B,2002B
A/swine/Iowa/A01410752/2014,Apr-14,Iowa,6,NA,2002,N2,2002B,2002B
A/swine/North_Carolina/A01410672/2014,Apr-14,North_Carolina,6,NA,2002,N2,2002B,2002B
A/swine/North_Carolina/A01410709/2014,Apr-14,North_Carolina,6,NA,2002,N2,2002B,2002B
A/swine/North_Carolina/A01410688/2014,Apr-14,North_Carolina,6,NA,2002,N2,2002B,2002B
A/swine/Illinois/A01475330/2014,Apr-14,Illinois,6,NA,2002,N2,2002B,2002B
A/swine/North_Carolina/A01410687/2014,Apr-14,North_Carolina,6,NA,2002,N2,2002B,2002B
A/swine/Nebraska/A01493501/2014,3/27/2014,Nebraska,6,NA,2002,N2,2002A,2002A
A/swine/Minnesota/A01493481/2014,3/26/2014,Minnesota,6,NA,2002,N2,2002B,2002B
A/swine/Iowa/A01480656/2014,3/19/2014,Iowa,6,NA,2002,N2,2002B,2002B
A/swine/Indiana/A01260521/2014,3/19/2014,Indiana,6,NA,2002,N2,2002B,2002B
A/swine/Illinois/A01536186/2014,3/14/2014,Illinois,6,NA,2002,N2,2002B,2002B
A/swine/Minnesota/A01480518/2014,3/11/2014,Minnesota,6,NA,2002,N2,2002A,2002A
A/swine/Illinois/A01410409/2014,Mar-14,Illinois,6,NA,2002,N2,2002B,2002B
A/swine/Illinois/A01411493/2014,Mar-14,Illinois,6,NA,2002,N2,2002B,2002B
A/swine/Indiana/A01410396/2014,Mar-14,Indiana,6,NA,2002,N2,2002B,2002B
A/swine/North_Carolina/A01410527/2014,Mar-14,North_Carolina,6,NA,2002,N2,2002B,2002B
A/swine/Illinois/A01475266/2014,Mar-14,Illinois,6,NA,2002,N2,2002B,2002B
A/swine/North_Carolina/A01410529/2014,Mar-14,North_Carolina,6,NA,2002,N2,2002B,2002B
A/swine/North_Carolina/A01410511/2014,Mar-14,North_Carolina,6,NA,2002,N2,2002B,2002B
A/swine/North_Carolina/A01475217/2014,Mar-14,North_Carolina,6,NA,2002,N2,2002A,2002A
A/swine/Illinois/A01475190/2014,Mar-14,Illinois,6,NA,2002,N2,2002B,2002B
A/swine/Illinois/A01410453/2014,Mar-14,Illinois,6,NA,2002,N2,2002B,2002B
A/swine/North_Carolina/A01410354/2014,Mar-14,North_Carolina,6,NA,2002,N2,2002B,2002B
A/swine/Minnesota/A01480322/2014,2/27/2014,Minnesota,6,NA,2002,N2,2002A,2002A
A/swine/South_Dakota/A01480341/2014,2/27/2014,South_Dakota,6,NA,2002,N2,2002B,2002B
A/swine/Illinois/A01536079/2014,2/24/2014,Illinois,6,NA,2002,N2,2002B,2002B
A/swine/Iowa/A01480042/2014,2/7/2014,Iowa,6,NA,2002,N2,2002B,2002B
A/swine/Minnesota/A01366992/2014,2/5/2014,Minnesota,6,NA,2002,N2,2002A,2002A
A/swine/Nebraska/A01491558/2014,2/3/2014,Nebraska,6,NA,2002,N2,2002B,2002B
A/swine/Illinois/A01411463/2014,Feb-14,Illinois,6,NA,2002,N2,2002B,2002B
A/swine/Illinois/A01475015/2014,Feb-14,Illinois,6,NA,2002,N2,2002B,2002B
A/swine/Illinois/A01410268/2014,Feb-14,Illinois,6,NA,2002,N2,2002B,2002B
A/swine/North_Carolina/A01409981/2014,Feb-14,North_Carolina,6,NA,2002,N2,2002B,2002B
A/swine/Illinois/A01409994/2014,Feb-14,Illinois,6,NA,2002,N2,2002B,2002B
A/swine/Indiana/A01410287/2014,Feb-14,Indiana,6,NA,2002,N2,2002B,2002B
A/swine/Minnesota/A01366913/2014,1/31/2014,Minnesota,6,NA,2002,N2,2002B,2002B
A/swine/Indiana/A01260479/2014,1/28/2014,Indiana,6,NA,2002,N2,2002B,2002B
A/swine/Nebraska/A01491325/2014,1/27/2014,Nebraska,6,NA,2002,N2,2002B,2002B
A/swine/Indiana/A01260466/2014,1/13/2014,Indiana,6,NA,2002,N2,2002B,2002B
A/swine/Iowa/A01366680/2014,1/10/2014,Iowa,6,NA,2002,N2,2002B,2002B
A/swine/Illinois/A00843193/2014,1/3/2014,Illinois,6,NA,2002,N2,2002B,2002B
A/swine/Indiana/A01260462/2014,1/2/2014,Indiana,6,NA,2002,N2,2002B,2002B
A/swine/North_Carolina/A01410118/2014,Jan-14,North_Carolina,6,NA,2002,N2,2002B,2002B
A/swine/Illinois/A01410110/2014,Jan-14,Illinois,6,NA,2002,N2,2002B,2002B
A/swine/Illinois/A01411097/2014,Jan-14,Illinois,6,NA,2002,N2,2002B,2002B
A/swine/North_Carolina/A01410180/2014,Jan-14,North_Carolina,6,NA,2002,N2,2002B,2002B
A/swine/North_Carolina/A01410136/2014,Jan-14,North_Carolina,6,NA,2002,N2,2002B,2002B
A/swine/Illinois/A01409735/2013,12/30/2013,Illinois,6,NA,2002,N2,2002B,2002B
A/swine/Illinois/A01409717/2013,12/26/2013,Illinois,6,NA,2002,N2,2002B,2002B
A/swine/Minnesota/A01490759/2013,12/26/2013,Minnesota,6,NA,2002,N2,2002A,2002A
A/swine/Illinois/A01409675/2013,12/20/2013,Illinois,6,NA,2002,N2,2002B,2002B
A/swine/Illinois/A01411232/2013,12/18/2013,Illinois,6,NA,2002,N2,2002B,2002B
A/swine/Nebraska/A01409647/2013,12/18/2013,Nebraska,6,NA,2002,N2,2002A,2002A
A/swine/Illinois/A01409657/2013,12/18/2013,Illinois,6,NA,2002,N2,2002B,2002B
A/swine/Nebraska/A01393702/2013,12/16/2013,Nebraska,6,NA,2002,N2,2002B,2002B
A/swine/Illinois/A01409611/2013,12/14/2013,Illinois,6,NA,2002,N2,2002B,2002B
A/swine/Nebraska/A01395921/2013,12/10/2013,Nebraska,6,NA,2002,N2,2002B,2002B
A/swine/Nebraska/A01395901/2013,12/10/2013,Nebraska,6,NA,2002,N2,2002B,2002B
A/swine/Nebraska/A01395675/2013,12/3/2013,Nebraska,6,NA,2002,N2,2002A,2002A
A/swine/South_Dakota/A01366093/2013,12/3/2013,South_Dakota,6,NA,2002,N2,2002B,2002B
A/swine/Kansas/A01377161/2013,12/2/2013,Kansas,6,NA,2002,N2,2002B,2002B
A/swine/Kansas/A01377165/2013,12/2/2013,Kansas,6,NA,2002,N2,2002B,2002B
A/swine/North_Carolina/A01409423/2013,Dec-13,North_Carolina,6,NA,2002,N2,2002B,2002B
A/swine/Illinois/A01409639/2013,Dec-13,Illinois,6,NA,2002,N2,2002B,2002B
A/swine/Iowa/A01409518/2013,Dec-13,Iowa,6,NA,2002,N2,2002B,2002B
A/swine/South_Dakota/A01366063/2013,11/29/2013,South_Dakota,6,NA,2002,N2,2002A,2002A
A/swine/Maryland/D0384/2013,11/29/2013,Maryland,6,NA,2002,N2,2002B,2002B
A/swine/Minnesota/A01366050/2013,11/27/2013,Minnesota,6,NA,2002,N2,2002B,2002B
A/swine/Nebraska/A01409533/2013,11/20/2013,Nebraska,6,NA,2002,N2,2002A,2002A
A/swine/Minnesota/A01395294/2013,11/19/2013,Minnesota,6,NA,2002,N2,2002B,2002B
A/swine/Iowa/A01365906/2013,11/15/2013,Iowa,6,NA,2002,N2,2002B,2002B
A/swine/Indiana/A01260416/2013,11/11/2013,Indiana,6,NA,2002,N2,2002B,2002B
A/swine/Illinois/A01427136/2013,11/4/2013,Illinois,6,NA,2002,N2,2002B,2002B
A/swine/North_Carolina/A01290759/2013,Nov-13,North_Carolina,6,NA,2002,N2,2002B,2002B
A/swine/USA/A01409276/2013,Nov-13,Unknown,6,NA,2002,N2,2002B,2002B
A/swine/North_Carolina/A01290762/2013,Nov-13,North_Carolina,6,NA,2002,N2,2002B,2002B
A/swine/Minnesota/A01409450/2013,Nov-13,Minnesota,6,NA,2002,N2,2002B,2002B
A/swine/Iowa/A01290867/2013,Nov-13,Iowa,6,NA,2002,N2,2002B,2002B
A/swine/Iowa/A01365608/2013,11/1/2013,Iowa,6,NA,2002,N2,2002B,2002B
A/swine/Iowa/A01290742/2013,Nov-13,Iowa,6,NA,2002,N2,2002B,2002B
A/swine/Indiana/A01290854/2013,Nov-13,Indiana,6,NA,2002,N2,2002B,2002B
A/swine/North_Carolina/A01290778/2013,Nov-13,North_Carolina,6,NA,2002,N2,2002B,2002B
A/swine/North_Carolina/A01290722/2013,Nov-13,North_Carolina,6,NA,2002,N2,2002B,2002B
A/swine/North_Carolina/A01290717/2013,Nov-13,North_Carolina,6,NA,2002,N2,2002B,2002B
A/swine/North_Carolina/A01409048/2013,Nov-13,North_Carolina,6,NA,2002,N2,2002B,2002B
A/swine/Iowa/A01290860/2013,Nov-13,Iowa,6,NA,2002,N2,2002B,2002B
A/swine/Nebraska/A01394567/2013,10/31/2013,Nebraska,6,NA,2002,N2,2002A,2002A
A/swine/Iowa/A01394595/2013,10/30/2013,Iowa,6,NA,2002,N2,2002B,2002B
A/swine/Nebraska/A01394342/2013,10/28/2013,Nebraska,6,NA,2002,N2,2002A,2002A
A/swine/Iowa/A01365406/2013,10/17/2013,Iowa,6,NA,2002,N2,2002B,2002B
A/swine/Minnesota/A01394021/2013,10/15/2013,Minnesota,6,NA,2002,N2,2002B,2002B
A/swine/Kansas/A01377090/2013,10/10/2013,Kansas,6,NA,2002,N2,2002B,2002B
A/swine/Indiana/A01260398/2013,10/8/2013,Indiana,6,NA,2002,N2,2002B,2002B
A/swine/Illinois/A01394862/2013,10/2/2013,Illinois,6,NA,2002,N2,2002B,2002B
A/swine/Illinois/A01394861/2013,10/2/2013,Illinois,6,NA,2002,N2,2002B,2002B
A/swine/North_Carolina/A01409104/2013,Oct-13,North_Carolina,6,NA,2002,N2,2002B,2002B
A/swine/USA/A01291038/2013,Oct-13,Unknown,6,NA,2002,N2,2002B,2002B
A/swine/Illinois/A01290508/2013,Oct-13,Illinois,6,NA,2002,N2,2002A,2002A
A/swine/Iowa/A01365015/2013,9/25/2013,Iowa,6,NA,2002,N2,2002B,2002B
A/swine/Illinois/A01392224/2013,9/25/2013,Illinois,6,NA,2002,N2,2002B,2002B
A/swine/Minnesota/A01394278/2013,9/19/2013,Minnesota,6,NA,2002,N2,2002B,2002B
A/swine/Minnesota/A01392079/2013,9/18/2013,Minnesota,6,NA,2002,N2,2002B,2002B
A/swine/Minnesota/A01364816/2013,9/13/2013,Minnesota,6,NA,2002,N2,2002B,2002B
A/swine/Iowa/A01364803/2013,9/13/2013,Iowa,6,NA,2002,N2,2002B,2002B
A/swine/North_Carolina/A01364613/2013,9/5/2013,North_Carolina,6,NA,2002,N2,2002B,2002B
A/swine/North_Carolina/A01290442/2013,Sep-13,North_Carolina,6,NA,2002,N2,2002B,2002B
A/swine/Iowa/A01290438/2013,Sep-13,Iowa,6,NA,2002,N2,2002B,2002B
A/swine/North_Carolina/A01291329/2013,Sep-13,North_Carolina,6,NA,2002,N2,2002B,2002B
A/swine/North_Carolina/A01290447/2013,Sep-13,North_Carolina,6,NA,2002,N2,2002B,2002B
A/swine/Ohio/13TOSU2194/2013,9/1/2013,Ohio,6,NA,2002,N2,2002B,2002B
A/swine/Indiana/13TOSU5238/2013,8/31/2013,Indiana,6,NA,2002,N2,2002B,2002B
A/swine/Indiana/13TOSU5147/2013,8/31/2013,Indiana,6,NA,2002,N2,2002B,2002B
A/swine/Indiana/13TOSU5730/2013,8/31/2013,Indiana,6,NA,2002,N2,2002B,2002B
A/swine/Indiana/13TOSU5669/2013,8/31/2013,Indiana,6,NA,2002,N2,2002B,2002B
A/swine/Indiana/13TOSU1999/2013,8/31/2013,Indiana,6,NA,2002,N2,2002B,2002B
A/swine/Indiana/13TOSU5095/2013,8/31/2013,Indiana,6,NA,2002,N2,2002A,2002A
A/swine/Indiana/13TOSU4563/2013,8/31/2013,Indiana,6,NA,2002,N2,2002B,2002B
A/swine/Indiana/13TOSU5869/2013,8/31/2013,Indiana,6,NA,2002,N2,2002B,2002B
A/swine/Indiana/13TOSU4561/2013,8/31/2013,Indiana,6,NA,2002,N2,2002B,2002B
A/swine/Iowa/13H065/2013,8/28/2013,Iowa,6,NA,2002,N2,2002B,2002B
A/swine/Iowa/13H073/2013,8/28/2013,Iowa,6,NA,2002,N2,2002B,2002B
A/swine/Iowa/13H076/2013,8/28/2013,Iowa,6,NA,2002,N2,2002B,2002B
A/swine/Iowa/13H092/2013,8/28/2013,Iowa,6,NA,2002,N2,2002B,2002B
A/swine/Iowa/13H098/2013,8/28/2013,Iowa,6,NA,2002,N2,2002B,2002B
A/swine/Iowa/13H090/2013,8/28/2013,Iowa,6,NA,2002,N2,2002B,2002B
A/swine/Iowa/13H069/2013,8/28/2013,Iowa,6,NA,2002,N2,2002B,2002B
A/swine/Iowa/13H087/2013,8/28/2013,Iowa,6,NA,2002,N2,2002B,2002B
A/swine/Iowa/13H094/2013,8/28/2013,Iowa,6,NA,2002,N2,2002B,2002B
A/swine/Iowa/13H068/2013,8/28/2013,Iowa,6,NA,2002,N2,2002B,2002B
A/swine/Iowa/13H082/2013,8/28/2013,Iowa,6,NA,2002,N2,2002B,2002B
A/swine/Iowa/13H075/2013,8/28/2013,Iowa,6,NA,2002,N2,2002B,2002B
A/swine/Iowa/13H081/2013,8/28/2013,Iowa,6,NA,2002,N2,2002B,2002B
A/swine/Ohio/A01364406/2013,8/27/2013,Ohio,6,NA,2002,N2,2002B,2002B
A/swine/Michigan/A01259074/2013,8/20/2013,Michigan,6,NA,2002,N2,2002B,2002B
A/swine/Indiana/A01260371/2013,8/19/2013,Indiana,6,NA,2002,N2,2002B,2002B
A/swine/Indiana/A01260368/2013,8/19/2013,Indiana,6,NA,2002,N2,2002B,2002B
A/swine/Indiana/A01260361/2013,8/8/2013,Indiana,6,NA,2002,N2,2002B,2002B
A/swine/Illinois/A01398587/2013,8/7/2013,Illinois,6,NA,2002,N2,2002A,2002A
A/swine/North_Carolina/A01432997/2013,Aug-13,North_Carolina,6,NA,2002,N2,2002B,2002B
A/swine/North_Carolina/A01432998/2013,Aug-13,North_Carolina,6,NA,2002,N2,2002B,2002B
A/swine/Iowa/A01290302/2013,Aug-13,Iowa,6,NA,2002,N2,2002B,2002B
A/swine/Indiana/A01290320/2013,Aug-13,Indiana,6,NA,2002,N2,2002B,2002B
A/swine/Virginia/A01290329/2013,Aug-13,Virginia,6,NA,2002,N2,2002A,2002A
A/swine/Ohio/13TOSU1547/2013,8/1/2013,Ohio,6,NA,2002,N2,2002B,2002B
A/swine/Ohio/13TOSU2130/2013,8/1/2013,Ohio,6,NA,2002,N2,2002A,2002A
A/swine/Ohio/13TOSU2052/2013,8/1/2013,Ohio,6,NA,2002,N2,2002A,2002A
A/swine/Indiana/13TOSU1319/2013,8/1/2013,Indiana,6,NA,2002,N2,2002B,2002B
A/swine/Ohio/13TOSU2043/2013,8/1/2013,Ohio,6,NA,2002,N2,2002A,2002A
A/swine/Ohio/13TOSU1541/2013,8/1/2013,Ohio,6,NA,2002,N2,2002B,2002B
A/swine/Ohio/13TOSU2132/2013,8/1/2013,Ohio,6,NA,2002,N2,2002A,2002A
A/swine/Ohio/13TOSU1373/2013,8/1/2013,Ohio,6,NA,2002,N2,2002B,2002B
A/swine/Ohio/13TOSU0726/2013,7/31/2013,Ohio,6,NA,2002,N2,2002B,2002B
A/swine/Indiana/13TOSU1128/2013,7/25/2013,Indiana,6,NA,2002,N2,2002B,2002B
A/swine/Indiana/13TOSU1122/2013,7/25/2013,Indiana,6,NA,2002,N2,2002B,2002B
A/swine/Ohio/A01351710/2013,7/18/2013,Ohio,6,NA,2002,N2,2002B,2002B
A/swine/Ohio/A01351683/2013,7/16/2013,Ohio,6,NA,2002,N2,2002B,2002B
A/swine/Minnesota/A01351603/2013,7/11/2013,Minnesota,6,NA,2002,N2,2002B,2002B
A/swine/Ohio/A01351573/2013,7/10/2013,Ohio,6,NA,2002,N2,2002B,2002B
A/swine/Iowa/A01432886/2013,Jul-13,Iowa,6,NA,2002,N2,2002B,2002B
A/swine/Nebraska/A01397576/2013,7/1/2013,Nebraska,6,NA,2002,N2,2002A,2002A
A/swine/Iowa/A01432867/2013,Jul-13,Iowa,6,NA,2002,N2,2002B,2002B
A/swine/Iowa/A01244805/2013,Jul-13,Iowa,6,NA,2002,N2,2002A,2002A
A/swine/Indiana/13TOSU1155/2013,7/1/2013,Indiana,6,NA,2002,N2,2002B,2002B
A/swine/Indiana/13TOSU1042/2013,7/1/2013,Indiana,6,NA,2002,N2,2002B,2002B
A/swine/Indiana/13TOSU1035/2013,7/1/2013,Indiana,6,NA,2002,N2,2002B,2002B
A/swine/Indiana/13TOSU1207/2013,7/1/2013,Indiana,6,NA,2002,N2,2002A,2002A
A/swine/Ohio/13TOSU1238/2013,7/1/2013,Ohio,6,NA,2002,N2,2002B,2002B
A/swine/Ohio/13TOSU1221/2013,7/1/2013,Ohio,6,NA,2002,N2,2002B,2002B
A/swine/Indiana/13TOSU1217/2013,7/1/2013,Indiana,6,NA,2002,N2,2002A,2002A
A/swine/Indiana/13TOSU1026/2013,7/1/2013,Indiana,6,NA,2002,N2,2002B,2002B
A/swine/Indiana/13TOSU1050/2013,7/1/2013,Indiana,6,NA,2002,N2,2002B,2002B
A/swine/Indiana/13TOSU482/2013,6/27/2013,Indiana,6,NA,2002,N2,2002B,2002B
A/swine/Indiana/13TOSU490/2013,6/27/2013,Indiana,6,NA,2002,N2,2002B,2002B
A/swine/Wyoming/A01397389/2013,6/25/2013,Wyoming,6,NA,2002,N2,2002A,2002A
A/swine/Wyoming/A01397400/2013,6/25/2013,Wyoming,6,NA,2002,N2,2002A,2002A
A/swine/Indiana/A01260321/2013,6/25/2013,Indiana,6,NA,2002,N2,2002B,2002B
A/swine/Indiana/A01260322/2013,6/25/2013,Indiana,6,NA,2002,N2,2002B,2002B
A/swine/Indiana/A01260313/2013,6/21/2013,Indiana,6,NA,2002,N2,2002B,2002B
A/swine/Minnesota/A01350866/2013,6/4/2013,Minnesota,6,NA,2002,N2,2002B,2002B
A/swine/Iowa/A01432840/2013,Jun-13,Iowa,6,NA,2002,N2,2002B,2002B
A/swine/Iowa/A01432817/2013,Jun-13,Iowa,6,NA,2002,N2,2002B,2002B
A/swine/Illinois/A01432795/2013,Jun-13,Illinois,6,NA,2002,N2,2002B,2002B
A/swine/Ohio/13TOSU0410/2013,6/1/2013,Ohio,6,NA,2002,N2,2002B,2002B
A/swine/Ohio/13TOSU0411/2013,6/1/2013,Ohio,6,NA,2002,N2,2002B,2002B
A/swine/South_Dakota/A01350803/2013,5/30/2013,South_Dakota,6,NA,2002,N2,2002B,2002B
A/swine/Iowa/13E045/2013,5/29/2013,Iowa,6,NA,2002,N2,2002B,2002B
A/swine/Wyoming/A01381213/2013,5/21/2013,Wyoming,6,NA,2002,N2,2002A,2002A
A/swine/Wyoming/A01381202/2013,5/21/2013,Wyoming,6,NA,2002,N2,2002A,2002A
A/swine/Kentucky/D0385/2013,5/20/2013,Kentucky,6,NA,2002,N2,2002B,2002B
A/swine/Michigan/A01432678/2013,May-13,Michigan,6,NA,2002,N2,2002B,2002B
A/swine/Wyoming/A01380335/2013,4/30/2013,Wyoming,6,NA,2002,N2,2002A,2002A
A/swine/Wyoming/A01380322/2013,4/30/2013,Wyoming,6,NA,2002,N2,2002A,2002A
A/swine/Indiana/A01260284/2013,4/30/2013,Indiana,6,NA,2002,N2,2002B,2002B
A/swine/Indiana/A01260280/2013,4/19/2013,Indiana,6,NA,2002,N2,2002B,2002B
A/swine/Indiana/A01260276/2013,4/16/2013,Indiana,6,NA,2002,N2,2002B,2002B
A/swine/Maryland/A01319694/2013,4/10/2013,Maryland,6,NA,2002,N2,2002B,2002B
A/swine/Pennsylvania/A01432652/2013,Apr-13,Pennsylvania,6,NA,2002,N2,2002A,2002A
A/swine/Indiana/A01260261/2013,3/29/2013,Indiana,6,NA,2002,N2,2002B,2002B
A/swine/Wyoming/A01379346/2013,3/29/2013,Wyoming,6,NA,2002,N2,2002A,2002A
A/swine/Ohio/A01349615/2013,3/29/2013,Ohio,6,NA,2002,N2,2002B,2002B
A/swine/Wyoming/A01379327/2013,3/29/2013,Wyoming,6,NA,2002,N2,2002A,2002A
A/swine/Wyoming/A01379354/2013,3/29/2013,Wyoming,6,NA,2002,N2,2002A,2002A
A/swine/Pennsylvania/A01380412/2013,3/26/2013,Pennsylvania,6,NA,2002,N2,2002B,2002B
A/swine/Ohio/A01349485/2013,3/22/2013,Ohio,6,NA,2002,N2,2002B,2002B
A/swine/Ohio/A01349495/2013,3/22/2013,Ohio,6,NA,2002,N2,2002B,2002B
A/swine/Indiana/A01260254/2013,3/20/2013,Indiana,6,NA,2002,N2,2002B,2002B
A/swine/Indiana/A01260252/2013,3/19/2013,Indiana,6,NA,2002,N2,2002B,2002B
A/swine/Ohio/A01349302/2013,3/12/2013,Ohio,6,NA,2002,N2,2002B,2002B
A/swine/Ohio/A01349305/2013,3/12/2013,Ohio,6,NA,2002,N2,2002B,2002B
A/swine/Minnesota/A01349160/2013,3/5/2013,Minnesota,6,NA,2002,N2,2002B,2002B
A/swine/Iowa/A01432529/2013,Mar-13,Iowa,6,NA,2002,N2,2002B,2002B
A/swine/North_Carolina/A01432584/2013,Mar-13,North_Carolina,6,NA,2002,N2,2002B,2002B
A/swine/North_Carolina/A01432566/2013,Mar-13,North_Carolina,6,NA,2002,N2,2002B,2002B
A/swine/Indiana/A01432492/2013,Mar-13,Indiana,6,NA,2002,N2,2002B,2002B
A/swine/Texas/13TOSU0060/2013,2/28/2013,Texas,6,NA,2002,N2,2002B,2002B
A/swine/Kansas/13_105721a/2013,2/20/2013,Kansas,6,NA,2002,N2,2002B,2002B
A/swine/Ohio/A01280883/2013,2/15/2013,Ohio,6,NA,2002,N2,2002A,2002A
A/swine/Wyoming/A01445305/2013,2/8/2013,Wyoming,6,NA,2002,N2,2002A,2002A
A/swine/Wyoming/A01445296/2013,2/8/2013,Wyoming,6,NA,2002,N2,2002A,2002A
A/swine/Indiana/A01260230/2013,2/5/2013,Indiana,6,NA,2002,N2,2002B,2002B
A/swine/Minnesota/A01280462/2013,1/23/2013,Minnesota,6,NA,2002,N2,2002B,2002B
A/swine/Wyoming/A01444566/2013,1/13/2013,Wyoming,6,NA,2002,N2,2002A,2002A
A/swine/Wyoming/A01444560/2013,1/13/2013,Wyoming,6,NA,2002,N2,2002A,2002A
A/swine/Wyoming/A01444562/2013,1/13/2013,Wyoming,6,NA,2002,N2,2002A,2002A
A/swine/Maryland/A01444460/2013,1/3/2013,Maryland,6,NA,2002,N2,2002A,2002A
A/swine/Iowa/A01432395/2013,Jan-13,Iowa,6,NA,2002,N2,2002A,2002A
A/swine/Iowa/A01432308/2012,12/18/2012,Iowa,6,NA,2002,N2,2002B,2002B
A/swine/Indiana/A01432300/2012,12/13/2012,Indiana,6,NA,2002,N2,2002B,2002B
A/swine/Indiana/A01260169/2012,12/11/2012,Indiana,6,NA,2002,N2,2002B,2002B
A/swine/Alabama/D0383/2012,12/11/2012,Alabama,6,NA,2002,N2,2002A,2002A
A/swine/Indiana/A01260163/2012,12/5/2012,Indiana,6,NA,2002,N2,2002B,2002B
A/swine/Iowa/A01432271/2012,Dec-12,Iowa,6,NA,2002,N2,2002B,2002B
A/swine/Michigan/A01259003/2012,11/28/2012,Michigan,6,NA,2002,N2,2002B,2002B
A/swine/North_Carolina/A01442548/2012,11/20/2012,North_Carolina,6,NA,2002,N2,2002A,2002A
A/swine/Indiana/A01260135/2012,11/16/2012,Indiana,6,NA,2002,N2,2002B,2002B
A/swine/Indiana/A01271853/2012,11/6/2012,Indiana,6,NA,2002,N2,2002A,2002A
A/swine/Indiana/A01260099/2012,11/2/2012,Indiana,6,NA,2002,N2,2002B,2002B
A/swine/Iowa/A01244302/2012,Nov-12,Iowa,6,NA,2002,N2,2002B,2002B
A/swine/Indiana/A01260093/2012,10/30/2012,Indiana,6,NA,2002,N2,2002A,2002A
A/swine/Tennessee/A01104055/2012,10/25/2012,Tennessee,6,NA,2002,N2,2002B,2002B
A/swine/Iowa/A01267939/2012,10/24/2012,Iowa,6,NA,2002,N2,2002B,2002B
A/swine/Indiana/A01260048/2012,10/17/2012,Indiana,6,NA,2002,N2,2002A,2002A
A/swine/Indiana/A01260041/2012,Oct-12,Indiana,6,NA,2002,N2,2002B,2002B
A/swine/Illinois/A01432127/2012,Oct-12,Illinois,6,NA,2002,N2,2002B,2002B
A/swine/Iowa/A01203863/2012,Oct-12,Iowa,6,NA,2002,N2,2002B,2002B
A/swine/Indiana/A01260015/2012,9/6/2012,Indiana,6,NA,2002,N2,2002B,2002B
A/swine/Ohio/A00138552/2012,9/2/2012,Ohio,6,NA,2002,N2,2002B,2002B
A/swine/Minnesota/A01301908/2012,9/2/2012,Minnesota,6,NA,2002,N2,2002B,2002B
A/swine/North_Carolina/A01203801/2012,Sep-12,North_Carolina,6,NA,2002,N2,2002B,2002B
A/swine/Illinois/A01203812/2012,Sep-12,Illinois,6,NA,2002,N2,2002A,2002A
A/swine/Iowa/321160/2012,8/23/2012,Iowa,6,NA,2002,N2,2002B,2002B
A/swine/Wisconsin/A00677500/2012,8/19/2012,Wisconsin,6,NA,2002,N2,2002B,2002B
A/swine/Maryland/A01104048/2012,8/16/2012,Maryland,6,NA,2002,N2,2002B,2002B
A/swine/Ohio/A00152576/2012,8/15/2012,Ohio,6,NA,2002,N2,2002B,2002B
A/swine/Maryland/A01104040/2012,8/15/2012,Maryland,6,NA,2002,N2,2002B,2002B
A/swine/Ohio/12TOSU522/2012,8/15/2012,Ohio,6,NA,2002,N2,2002B,2002B
A/swine/Ohio/12TOSU527/2012,8/15/2012,Ohio,6,NA,2002,N2,2002B,2002B
A/swine/Ohio/12TOSU483/2012,8/10/2012,Ohio,6,NA,2002,N2,2002B,2002B
A/swine/Ohio/12TOSU484/2012,8/10/2012,Ohio,6,NA,2002,N2,2002B,2002B
A/swine/Ohio/12TOSU467/2012,8/9/2012,Ohio,6,NA,2002,N2,2002B,2002B
A/swine/Ohio/12TOSU464/2012,8/9/2012,Ohio,6,NA,2002,N2,2002B,2002B
A/swine/Ohio/12TOSU447/2012,8/9/2012,Ohio,6,NA,2002,N2,2002B,2002B
A/swine/Pennsylvania/A01104050/2012,8/9/2012,Pennsylvania,6,NA,2002,N2,2002B,2002B
A/swine/Pennsylvania/A01104049/2012,8/9/2012,Pennsylvania,6,NA,2002,N2,2002B,2002B
A/swine/Indiana/A00968308/2012,8/9/2012,Indiana,6,NA,2002,N2,2002B,2002B
A/swine/Ohio/12TOSU450/2012,8/9/2012,Ohio,6,NA,2002,N2,2002B,2002B
A/swine/Ohio/A01208457/2012,8/7/2012,Ohio,6,NA,2002,N2,2002B,2002B
A/swine/Ohio/12TOSU420/2012,8/6/2012,Ohio,6,NA,2002,N2,2002B,2002B
A/swine/Indiana/A00968398/2012,8/6/2012,Indiana,6,NA,2002,N2,2002B,2002B
A/swine/Ohio/12TOSU421/2012,8/6/2012,Ohio,6,NA,2002,N2,2002B,2002B
A/swine/Ohio/12TOSU409/2012,8/6/2012,Ohio,6,NA,2002,N2,2002B,2002B
A/swine/Ohio/12TOSU411/2012,8/6/2012,Ohio,6,NA,2002,N2,2002B,2002B
A/swine/Ohio/12TOSU439/2012,8/6/2012,Ohio,6,NA,2002,N2,2002B,2002B
A/swine/Ohio/12TOSU433/2012,8/6/2012,Ohio,6,NA,2002,N2,2002B,2002B
A/swine/Ohio/A01133466/2012,8/6/2012,Ohio,6,NA,2002,N2,2002B,2002B
A/swine/Indiana/A00968397/2012,8/6/2012,Indiana,6,NA,2002,N2,2002B,2002B
A/swine/Indiana/A00968394/2012,8/6/2012,Indiana,6,NA,2002,N2,2002B,2002B
A/swine/Ohio/12TOSU307/2012,8/3/2012,Ohio,6,NA,2002,N2,2002B,2002B
A/swine/Ohio/12TOSU371/2012,8/3/2012,Ohio,6,NA,2002,N2,2002B,2002B
A/swine/Ohio/12TOSU374/2012,8/3/2012,Ohio,6,NA,2002,N2,2002B,2002B
A/swine/Ohio/A01133464/2012,8/3/2012,Ohio,6,NA,2002,N2,2002B,2002B
A/swine/Ohio/12TOSU325/2012,8/3/2012,Ohio,6,NA,2002,N2,2002B,2002B
A/swine/Ohio/12TOSU308/2012,8/3/2012,Ohio,6,NA,2002,N2,2002B,2002B
A/swine/Ohio/12TOSU318/2012,8/3/2012,Ohio,6,NA,2002,N2,2002B,2002B
A/swine/Ohio/12TOSU338/2012,8/3/2012,Ohio,6,NA,2002,N2,2002B,2002B
A/swine/Ohio/12TOSU333/2012,8/3/2012,Ohio,6,NA,2002,N2,2002B,2002B
A/swine/Ohio/12TOSU363/2012,Aug-12,Ohio,6,NA,2002,N2,2002B,2002B
A/swine/Ohio/12TOSU370/2012,Aug-12,Ohio,6,NA,2002,N2,2002B,2002B
A/swine/Indiana/A01104030/2012,8/1/2012,Indiana,6,NA,2002,N2,2002B,2002B
A/swine/Indiana/A00968390/2012,8/1/2012,Indiana,6,NA,2002,N2,2002B,2002B
A/swine/Indiana/A01104016/2012,7/31/2012,Indiana,6,NA,2002,N2,2002B,2002B
A/swine/Ohio/12TOSU293/2012,7/28/2012,Ohio,6,NA,2002,N2,2002B,2002B
A/swine/Ohio/12TOSU268/2012,7/28/2012,Ohio,6,NA,2002,N2,2002B,2002B
A/swine/Indiana/A00968386/2012,7/26/2012,Indiana,6,NA,2002,N2,2002B,2002B
A/swine/Iowa/A01243736/2012,7/25/2012,Iowa,6,NA,2002,N2,2002A,2002A
A/swine/Illinois/A01203672/2012,7/21/2012,Illinois,6,NA,2002,N2,2002A,2002A
A/swine/Ohio/12TOSU175/2012,7/19/2012,Ohio,6,NA,2002,N2,2002B,2002B
A/swine/Ohio/12TOSU176/2012,7/19/2012,Ohio,6,NA,2002,N2,2002B,2002B
A/swine/North_Carolina/A01300820/2012,7/19/2012,North_Carolina,6,NA,2002,N2,2002A,2002A
A/swine/Indiana/A00968380/2012,7/18/2012,Indiana,6,NA,2002,N2,2002B,2002B
A/swine/Indiana/A00968376/2012,7/13/2012,Indiana,6,NA,2002,N2,2002B,2002B
A/swine/Indiana/A00968373/2012,7/13/2012,Indiana,6,NA,2002,N2,2002B,2002B
A/swine/Indiana/A00968379/2012,7/13/2012,Indiana,6,NA,2002,N2,2002B,2002B
A/swine/Indiana/A00968370/2012,7/13/2012,Indiana,6,NA,2002,N2,2002B,2002B
A/swine/Ohio/A01203624/2012,7/12/2012,Ohio,6,NA,2002,N2,2002A,2002A
A/swine/Ohio/12TOSU138/2012,7/12/2012,Ohio,6,NA,2002,N2,2002B,2002B
A/swine/Ohio/12TOSU129/2012,7/12/2012,Ohio,6,NA,2002,N2,2002B,2002B
A/swine/Indiana/A00968364/2012,7/3/2012,Indiana,6,NA,2002,N2,2002B,2002B
A/swine/Ohio/12TOSU50/2012,6/22/2012,Ohio,6,NA,2002,N2,2002B,2002B
A/swine/Ohio/12TOSU52/2012,6/22/2012,Ohio,6,NA,2002,N2,2002B,2002B
A/swine/Michigan/A01259000/2012,6/19/2012,Michigan,6,NA,2002,N2,2002A,2002A
A/swine/Ohio/6/2012,Jun-12,Ohio,6,NA,2002,N2,2002A,2002A
A/swine/Ohio/1/2012,Jun-12,Ohio,6,NA,2002,N2,2002A,2002A
A/swine/Ohio/7/2012,Jun-12,Ohio,6,NA,2002,N2,2002A,2002A
A/swine/Ohio/9/2012,Jun-12,Ohio,6,NA,2002,N2,2002A,2002A
A/swine/North_Carolina/A01270394/2012,5/31/2012,North_Carolina,6,NA,2002,N2,2002B,2002B
A/swine/Indiana/A01203522/2012,5/15/2012,Indiana,6,NA,2002,N2,2002A,2002A
A/swine/Indiana/A01203521/2012,5/15/2012,Indiana,6,NA,2002,N2,2002A,2002A
A/swine/Iowa/A01203503/2012,5/9/2012,Iowa,6,NA,2002,N2,2002A,2002A
A/swine/Indiana/A01203509/2012,5/9/2012,Indiana,6,NA,2002,N2,2002B,2002B
A/swine/Illinois/A01327905/2012,5/8/2012,Illinois,6,NA,2002,N2,2002A,2002A
A/swine/Illinois/A01327903/2012,5/8/2012,Illinois,6,NA,2002,N2,2002A,2002A
A/swine/Illinois/A01327629/2012,4/15/2012,Illinois,6,NA,2002,N2,2002A,2002A
A/swine/Indiana/A01203372/2012,4/3/2012,Indiana,6,NA,2002,N2,2002A,2002A
A/swine/Illinois/A01327184/2012,3/15/2012,Illinois,6,NA,2002,N2,2002A,2002A
A/swine/Illinois/A01241916/2012,3/1/2012,Illinois,6,NA,2002,N2,2002A,2002A
A/swine/Illinois/A01241871/2012,2/29/2012,Illinois,6,NA,2002,N2,2002A,2002A
A/swine/Illinois/A01241876/2012,2/29/2012,Illinois,6,NA,2002,N2,2002A,2002A
A/swine/Illinois/A01241842/2012,2/27/2012,Illinois,6,NA,2002,N2,2002A,2002A
A/swine/Illinois/A01241840/2012,2/27/2012,Illinois,6,NA,2002,N2,2002A,2002A
A/swine/Illinois/A00857318a/2012,2/23/2012,Illinois,6,NA,2002,N2,2002A,2002A
A/swine/Texas/A01104013/2012,2/15/2012,Texas,6,NA,2002,N2,2002A,2002A
A/swine/North_Carolina/A01203272/2012,2/13/2012,North_Carolina,6,NA,2002,N2,2002B,2002B
A/swine/Illinois/A01241469/2012,2/8/2012,Illinois,6,NA,2002,N2,2002A,2002A
A/swine/Indiana/A01327215/2012,2/6/2012,Indiana,6,NA,2002,N2,2002A,2002A
A/swine/Indiana/A01327213/2012,2/6/2012,Indiana,6,NA,2002,N2,2002A,2002A
A/swine/Ohio/A01203186/2012,1/24/2012,Ohio,6,NA,2002,N2,2002A,2002A
A/swine/Illinois/A00857304b/2012,1/5/2012,Illinois,6,NA,2002,N2,2002A,2002A
A/swine/Illinois/A00857304a/2012,1/5/2012,Illinois,6,NA,2002,N2,2002A,2002A
A/swine/Illinois/A01240891/2012,1/5/2012,Illinois,6,NA,2002,N2,2002A,2002A
A/swine/Illinois/A01240908/2012,1/3/2012,Illinois,6,NA,2002,N2,2002A,2002A
A/swine/Illinois/A01240835/2012,1/3/2012,Illinois,6,NA,2002,N2,2002A,2002A
A/swine/Illinois/A01240836/2012,1/3/2012,Illinois,6,NA,2002,N2,2002A,2002A
A/swine/Illinois/A01202978/2011,12/16/2011,Illinois,6,NA,2002,N2,2002A,2002A
A/swine/Illinois/A00857300/2011,11/28/2011,Illinois,6,NA,2002,N2,2002A,2002A
A/swine/Iowa/A01202879/2011,11/17/2011,Iowa,6,NA,2002,N2,2002A,2002A
A/swine/Iowa/A01202878/2011,11/17/2011,Iowa,6,NA,2002,N2,2002A,2002A
A/swine/Ohio/11TOSU559/2011,10/28/2011,Ohio,6,NA,2002,N2,2002B,2002B
A/swine/Illinois/A00857138b/2011,10/20/2011,Illinois,6,NA,2002,N2,2002A,2002A
A/swine/Illinois/A00857138a/2011,10/20/2011,Illinois,6,NA,2002,N2,2002A,2002A
A/swine/Iowa/A01202659/2011,10/6/2011,Iowa,6,NA,2002,N2,2002A,2002A
A/swine/Illinois/A00857134/2011,10/4/2011,Illinois,6,NA,2002,N2,2002A,2002A
A/swine/Iowa/A01202639/2011,9/30/2011,Iowa,6,NA,2002,N2,2002A,2002A
A/swine/Iowa/A01202640/2011,9/30/2011,Iowa,6,NA,2002,N2,2002A,2002A
A/swine/Ohio/11SW349/2011,9/30/2011,Ohio,6,NA,2002,N2,2002A,2002A
A/swine/Ohio/11SW344/2011,9/30/2011,Ohio,6,NA,2002,N2,2002A,2002A
A/swine/Indiana/A01202621/2011,9/28/2011,Indiana,6,NA,2002,N2,2002A,2002A
A/swine/Illinois/A00857131/2011,9/24/2011,Illinois,6,NA,2002,N2,2002A,2002A
A/swine/Illinois/A00857129/2011,9/14/2011,Illinois,6,NA,2002,N2,2002A,2002A
A/swine/NY/A01104005/2011,9/13/2011,New_York,6,NA,2002,N2,2002A,2002A
A/swine/Iowa/A01202573/2011,9/7/2011,Iowa,6,NA,2002,N2,2002A,2002A
A/swine/Ohio/11SW177/2011,8/31/2011,Ohio,6,NA,2002,N2,2002A,2002A
A/swine/Ohio/11SW214/2011,8/31/2011,Ohio,6,NA,2002,N2,2002A,2002A
A/swine/Ohio/11SW111/2011,8/31/2011,Ohio,6,NA,2002,N2,2002A,2002A
A/swine/Ohio/11SW116/2011,8/31/2011,Ohio,6,NA,2002,N2,2002A,2002A
A/swine/Ohio/11SW208/2011,8/31/2011,Ohio,6,NA,2002,N2,2002A,2002A
A/swine/Ohio/11SW219/2011,8/31/2011,Ohio,6,NA,2002,N2,2002A,2002A
A/swine/Iowa/A01202530/2011,8/22/2011,Iowa,6,NA,2002,N2,2002A,2002A
A/swine/Iowa/A01202529/2011,8/22/2011,Iowa,6,NA,2002,N2,2002A,2002A
A/swine/Ohio/11SW347/2011,8/19/2011,Ohio,6,NA,2002,N2,2002A,2002A
A/swine/Ohio/11SW211/2011,8/12/2011,Ohio,6,NA,2002,N2,2002A,2002A
A/swine/Ohio/11SW197/2011,8/8/2011,Ohio,6,NA,2002,N2,2002A,2002A
A/swine/Ohio/11SW183/2011,8/8/2011,Ohio,6,NA,2002,N2,2002A,2002A
A/swine/Ohio/11SW161/2011,8/8/2011,Ohio,6,NA,2002,N2,2002A,2002A
A/swine/Ohio/11SW191/2011,8/8/2011,Ohio,6,NA,2002,N2,2002A,2002A
A/swine/Ohio/11SW172/2011,8/8/2011,Ohio,6,NA,2002,N2,2002A,2002A
A/swine/Ohio/11SW166/2011,8/8/2011,Ohio,6,NA,2002,N2,2002A,2002A
A/swine/Ohio/11SW185/2011,8/8/2011,Ohio,6,NA,2002,N2,2002A,2002A
A/swine/Ohio/11SW186/2011,8/8/2011,Ohio,6,NA,2002,N2,2002A,2002A
A/swine/Ohio/11SW169/2011,8/8/2011,Ohio,6,NA,2002,N2,2002A,2002A
A/swine/Ohio/11SW170/2011,8/8/2011,Ohio,6,NA,2002,N2,2002A,2002A
A/swine/Ohio/11SW179/2011,8/8/2011,Ohio,6,NA,2002,N2,2002A,2002A
A/swine/Ohio/11SW180/2011,8/8/2011,Ohio,6,NA,2002,N2,2002A,2002A
A/swine/Ohio/11SW173/2011,8/8/2011,Ohio,6,NA,2002,N2,2002A,2002A
A/swine/Ohio/11SW163/2011,8/8/2011,Ohio,6,NA,2002,N2,2002A,2002A
A/swine/Ohio/11SW196/2011,8/8/2011,Ohio,6,NA,2002,N2,2002A,2002A
A/swine/Ohio/11SW175/2011,8/8/2011,Ohio,6,NA,2002,N2,2002A,2002A
A/swine/Ohio/11SW187/2011,8/8/2011,Ohio,6,NA,2002,N2,2002A,2002A
A/swine/Ohio/11SW113/2011,8/5/2011,Ohio,6,NA,2002,N2,2002A,2002A
A/swine/Ohio/11SW115/2011,8/5/2011,Ohio,6,NA,2002,N2,2002A,2002A
A/swine/Ohio/11SW103/2011,8/5/2011,Ohio,6,NA,2002,N2,2002A,2002A
A/swine/Ohio/11SW114/2011,8/5/2011,Ohio,6,NA,2002,N2,2002A,2002A
A/swine/Ohio/11SW95/2011,8/5/2011,Ohio,6,NA,2002,N2,2002A,2002A
A/swine/Ohio/11SW97/2011,8/5/2011,Ohio,6,NA,2002,N2,2002A,2002A
A/swine/Ohio/11SW119/2011,8/5/2011,Ohio,6,NA,2002,N2,2002A,2002A
A/swine/Ohio/11SW118/2011,8/5/2011,Ohio,6,NA,2002,N2,2002A,2002A
A/swine/Ohio/11SW94/2011,8/5/2011,Ohio,6,NA,2002,N2,2002A,2002A
A/swine/Ohio/11SW109/2011,8/5/2011,Ohio,6,NA,2002,N2,2002A,2002A
A/swine/Ohio/11SW96/2011,8/5/2011,Ohio,6,NA,2002,N2,2002A,2002A
A/swine/Ohio/11SW98/2011,8/5/2011,Ohio,6,NA,2002,N2,2002A,2002A
A/swine/Ohio/11SW87/2011,8/5/2011,Ohio,6,NA,2002,N2,2002A,2002A
A/swine/Ohio/11SW108/2011,8/5/2011,Ohio,6,NA,2002,N2,2002A,2002A
A/swine/Ohio/11SW112/2011,8/5/2011,Ohio,6,NA,2002,N2,2002A,2002A
A/swine/Ohio/11SW93/2011,8/5/2011,Ohio,6,NA,2002,N2,2002A,2002A
A/swine/Indiana/A01049744/2011,3/23/2011,Indiana,6,NA,2002,N2,2002A,2002A
A/swine/Indiana/A01049745/2011,3/23/2011,Indiana,6,NA,2002,N2,2002A,2002A
A/swine/Indiana/A01049653/2011,3/8/2011,Indiana,6,NA,2002,N2,2002A,2002A
A/swine/North_Carolina/A01049436/2011,1/19/2011,North_Carolina,6,NA,2002,N2,2002A,2002A
A/swine/Ohio/11SW208/2011,2011,Ohio,6,NA,2002,N2,2002A,2002A
A/swine/Ohio/11SW111/2011,2011,Ohio,6,NA,2002,N2,2002A,2002A
A/swine/Indiana/A01049091/2010,11/18/2010,Indiana,6,NA,2002,N2,2002A,2002A
A/swine/Minnesota/A01134337/2010,11/17/2010,Minnesota,6,NA,2002,N2,2002,2002
A/swine/Illinois/A01076719/2010,11/1/2010,Illinois,6,NA,2002,N2,2002,2002
A/swine/Indiana/A00968322/2010,10/20/2010,Indiana,6,NA,2002,N2,2002,2002
A/swine/Indiana/A00968321/2010,10/18/2010,Indiana,6,NA,2002,N2,2002,2002
A/swine/Minnesota/A01076999/2010,9/22/2010,Minnesota,6,NA,2002,N2,2002,2002
A/swine/Ohio/10SW205/2010,8/24/2010,Ohio,6,NA,2002,N2,2002,2002
A/swine/Ohio/10SW213/2010,8/24/2010,Ohio,6,NA,2002,N2,2002,2002
A/swine/Ohio/10SW209/2010,8/24/2010,Ohio,6,NA,2002,N2,2002,2002
A/swine/Ohio/10SW202/2010,8/24/2010,Ohio,6,NA,2002,N2,2002,2002
A/swine/Ohio/10SW210/2010,8/24/2010,Ohio,6,NA,2002,N2,2002,2002
A/swine/Ohio/10SW214/2010,8/24/2010,Ohio,6,NA,2002,N2,2002,2002
A/swine/Ohio/10SW219/2010,8/24/2010,Ohio,6,NA,2002,N2,2002,2002
A/swine/Ohio/10SW207/2010,8/24/2010,Ohio,6,NA,2002,N2,2002,2002
A/swine/Ohio/10SW204/2010,8/24/2010,Ohio,6,NA,2002,N2,2002,2002
A/swine/Ohio/10SW220/2010,8/24/2010,Ohio,6,NA,2002,N2,2002,2002
A/swine/Ohio/10SW203/2010,8/24/2010,Ohio,6,NA,2002,N2,2002,2002
A/swine/Ohio/10SW218/2010,8/24/2010,Ohio,6,NA,2002,N2,2002,2002
A/swine/Ohio/10SW212/2010,8/24/2010,Ohio,6,NA,2002,N2,2002,2002
A/swine/Ohio/10SW206/2010,8/24/2010,Ohio,6,NA,2002,N2,2002,2002
A/swine/Ohio/10SW216/2010,8/24/2010,Ohio,6,NA,2002,N2,2002,2002
A/swine/Ohio/10SW211/2010,8/24/2010,Ohio,6,NA,2002,N2,2002,2002
A/swine/Ohio/10SW208/2010,8/24/2010,Ohio,6,NA,2002,N2,2002,2002
A/swine/Ohio/10SW156/2010,8/19/2010,Ohio,6,NA,2002,N2,2002,2002
A/swine/Ohio/10SW121/2010,8/12/2010,Ohio,6,NA,2002,N2,2002,2002
A/swine/Ohio/10SW133/2010,8/12/2010,Ohio,6,NA,2002,N2,2002,2002
A/swine/Ohio/10SW137/2010,8/12/2010,Ohio,6,NA,2002,N2,2002,2002
A/swine/Ohio/10SW125/2010,8/12/2010,Ohio,6,NA,2002,N2,2002,2002
A/swine/Ohio/10SW136/2010,8/12/2010,Ohio,6,NA,2002,N2,2002,2002
A/swine/Ohio/10SW139/2010,8/12/2010,Ohio,6,NA,2002,N2,2002,2002
A/swine/Ohio/10SW131/2010,8/12/2010,Ohio,6,NA,2002,N2,2002,2002
A/swine/Ohio/10SW122/2010,8/12/2010,Ohio,6,NA,2002,N2,2002,2002
A/swine/Ohio/10SW128/2010,8/12/2010,Ohio,6,NA,2002,N2,2002,2002
A/swine/Ohio/10SW134/2010,8/12/2010,Ohio,6,NA,2002,N2,2002,2002
A/swine/Ohio/10SW132/2010,8/12/2010,Ohio,6,NA,2002,N2,2002,2002
A/swine/Ohio/10SW135/2010,8/12/2010,Ohio,6,NA,2002,N2,2002,2002
A/swine/Ohio/10SW126/2010,8/12/2010,Ohio,6,NA,2002,N2,2002,2002
A/swine/Ohio/10SW127/2010,8/12/2010,Ohio,6,NA,2002,N2,2002,2002
A/swine/Ohio/10SW215/2010,2010,Ohio,6,NA,2002,N2,2002,2002
A/swine/Ohio/10SW130/2010,2010,Ohio,6,NA,2002,N2,2002,2002
